Utterance,Cluster,processed_queries
πρέπει να έχω πάσο για να βάλω φοιτητικό,,πρέπει πάσο βάλω φοιτητικός
θα ήθελα να κάνω διακανονισμό σε όλο το ληξιπρόθεσμο,,διακανονισμός όλος ληξιπρόθεσμο
θέλω χρόνο για να μιλάω,,χρόνος μιλάως
χρειάζομαι ανανέωση,,χρειάζομαι ανανέωση
τo παραστατικό του σταθερού μου,,παραστατικός σταθερού
τιμές για νέο tablet,,τιμή νέος tablet
να ενημερωθώ σχετικά με το διαθέσιμο υπόλοιπό μου,,ενημερωθώ σχετικά διαθέσιμος υπόλοιπος
να κάνω αποπληρωμή λογαριασμού για το κινητό μου,,αποπληρωμή λογαριασμός κινητό
έχω κάνει αίτηση για φοιτητικό πακέτο,,αίτηση φοιτητικός πακέτο
θέλω να απενεργοποιηθεί,,απενεργοποιηθεί
tethering,,tethering
ραντεβού για νέα σύνδεση,,ραντεβού νέος σύνδεση
να κάνω παράπονο,,παράπονο
θέλω να εξοφλήσω το τηλέφωνό μου,,εξοφλώ τηλέφωνό
να εξοφλήσω το κινητό μου,,εξοφλώ κινητό
λογαριασμός τηλεόρασης,,λογαριασμός τηλεόραση
θέλω να βάλω πιο εύκολο κωδικό στο hotspot μου,,βάλω πιο εύκολος κωδικός σε ο hotspot
αγορά tablet,,αγορά tablet
πώς μπορώ να καταθέσω αίτηση,,πώς μπορώ καταθέσω αίτηση
τον λογαριασμό της τηλεόρασής μου,,λογαριασμός τηλεόραση
αναλυτικό λογαριασμό,,αναλυτικός λογαριασμός
πού μπορώ να βρω πληροφορίες για τα χρέη μου,,πού μπορώ βρω πληροφορία χρέος
πόσα χρήματα χρωστάω συνολικά,,πόσος χρήμα χρωστάω συνολικά
τι χρωστάω,,χρωστάω
έχει να κάνει με διακανονισμό,,διακανονισμός
μπορώ να με πληροφορηθώ πώς μπορεί να γίνει αίτηση,,μπορώ πληροφορηθώ πώς μπορώ γίνομαι αίτηση
να κάνω απενεργοποίηση,,απενεργοποίηση
θα ήθελα να πραγματοποιήσω ανανέωση,,πραγματοποιήσω ανανέωση
πρέπει να μιλήσω με τις πωλήσεις,,πρέπει μιλώ πωλήσεις
θέλω να δω την πλήρη ανάλυση των κλήσεων,,πλήρης ανάλυση κλήσεων
έχω ένα ραντεβού και θέλω να αλλάξω την ώρα,,ένας ραντεβού αλλάξω ώρα
το τηλέφωνό μου έχει καταχωρηθεί ως απόρρητο,,τηλέφωνό καταχωρηθεί ως απόρρητο
θέλω να κάνω διακανονισμό,,διακανονισμός
θέλω υπηρεσίες για το σταθερό μου,,υπηρεσία σταθερός
θέλω να ενεργοποιήσω πρόγραμμα δεδομένων,,ενεργοποιήσω πρόγραμμα δεδομένο
βρήκα μια κλήση από αυτό το τηλέφωνο,,βρήκα ένας κλήση από αυτός τηλέφωνος
να κάνω απόρρητο το τηλέφωνο,,απόρρητο τηλέφωνος
έχω καλέσει για ένα προγραμματισμένο ραντεβού,,καλέσει ένας προγραμματισμένο ραντεβού
ζητώ να μου ενεργοποιήσετε,,ζητώ ενεργοποιήσω
ενημερώστε με για ανάλυση κλήσεων,,ενημερώστε ανάλυση κλήσεων
τι μου προσφέρει το φοιτητικό πακέτο,,προσφέρω φοιτητικός πακέτο
πώς μπορώ να μάθω το συνολικό χρέος μου,,πώς μπορώ μάθω συνολικός χρέος
θέλω να κάνω αποπληρωμή λογαριασμού,,αποπληρωμή λογαριασμός
θέλω να αποπληρώσω την οφειλή μου,,αποπληρώσως οφειλή
από πού μπορώ να μάθω τι χρωστάω,,από πού μπορώ μάθω χρωστάω
θέλω επιδότηση,,επιδότηση
επιθυμώ να δω την πλήρη ανάλυση των κλήσεων,,επιθυμώ πλήρης ανάλυση κλήσεων
επιθυμώ να καταχωρήσω αίτηση,,επιθυμώ καταχωρώ αίτηση
πού μπορώ να αγοράσω κάποιο πρόγραμμα μηνυμάτων,,πού μπορώ αγοράζω κάποιος πρόγραμμα μηνυμάτων
αναφορικά με τον λογαριασμό μου,,αναφορικά λογαριασμός
θα ήθελα να βάλω χρόνο ομιλίας στο κινητό,,βάλω χρόνος ομιλία σε ο κινητό
για μια ανανέωση,,ένας ανανέωση
διακανονισμός ποσού που χρωστάω,,διακανονισμός ποσό χρωστάω
ερώτηση υπόλοιπο,,ερώτηση υπόλοιπος
έχω ανάγκη από βοήθεια,,ανάγκη από βοήθεια
να μάθω τι έχετε σχετικά με απόκρυψη,,μάθω σχετικά απόκρυψη
να ενημερωθώ για το υπόλοιπό μου,,ενημερωθώς υπόλοιπος
επιθυμώ να πληροφορηθώ για τη διαδικασία που μπορεί να γίνει ώστε να καταχωρήσω αίτηση,,επιθυμώ πληροφορηθώ διαδικασία μπορώ γίνομαι ώστε καταχωρώ αίτηση
έχω επικοινωνήσει για ένα ραντεβού,,επικοινωνώ ένας ραντεβού
να μάθω για τις βιντεοκλήσεις,,μάθω βιντεοκλήσεις
θα με ενδιέφερε ο αναλυτικός λογαριασμός,,ενδιέφερε αναλυτικός λογαριασμός
αναλυτική κατάσταση λογαριασμού,,αναλυτικός κατάσταση λογαριασμός
χρειάζομαι ενημέρωση,,χρειάζομαι ενημέρωση
θέλω να μιλήσω με τις πωλήσεις,,μιλώ πωλήσεις
θέλω να αγοράσω χρόνο ομιλίας προς όλους,,αγοράζω χρόνος ομιλία προς όλος
θα ήθελα να κάνω αίτηση,,αίτηση
να δηλώσω το κινητό μου ως απόρρητο,,δηλώνω κινητό ως απόρρητος
αλλαγή ραντεβού σύνδεσης νέας γραμμής,,αλλαγή ραντεβού σύνδεση νέος γραμμή
επιθυμώ να καταχωρήσω αίτημα,,επιθυμώ καταχωρώ αίτημα
θέλω να μάθω για την αποπληρωμή λογαριασμού,,μάθω αποπληρωμή λογαριασμός
κάτι έκανα στο hotspot και τώρα δε δουλεύει,,κάτι έκανο σε ο hotspot τώρα δουλεύω
να κάνω δήλωση του κινητού μου ως απόρρητο,,δήλωση κινητού ως απόρρητος
θα ήθελα να δω την πλήρη ανάλυση του τηλεφώνου μου,,πλήρης ανάλυση τηλεφώνου
ενδιαφέρομαι να αγοράσω χρόνο ομιλίας,,ενδιαφέρομαι αγοράζω χρόνος ομιλία
το πάσο μου έχει λήξει μπορώ να βάλω φοιτητικό,,πάσος λήσσω μπορώ βάλω φοιτητικός
hotspot,,hotspot
θα μπορούσατε παρακαλώ να με συνδέσετε με το τμήμα πωλήσεων,,μπορούζω παρακαλώ συνδέσετε τμήμα πωλήσεων
ενδιαφέρομαι να μου ενεργοποιήσετε,,ενδιαφέρομαι ενεργοποιήσω
επιθυμώ να υποβάλω αίτημα,,επιθυμώ υποβάλω αίτημα
υπάρχει η δυνατότητα να έχω αναλυτικό λογαριασμό,,υπάρχω δυνατότητα αναλυτικός λογαριασμός
βοήθεια,,βοήθεια
θέλω να γίνει αποπληρωμή λογαριασμού του σταθερού μου,,γίνομαι αποπληρωμή λογαριασμός σταθερού
ανανέωση,,ανανέωση
πόσα σας χρωστάω τέλος πάντων,,χρωστάω τέλος πάντων
πώς μπορώ να κάνω αίτηση,,πώς μπορώ αίτηση
θέλω να βλέπω αναλυτική λίστα των κλήσεων,,βλέπω αναλυτικός λίστα κλήσεων
θέλω να δω την πλήρη ανάλυση του τηλεφώνου μου,,πλήρης ανάλυση τηλεφώνου
θέλω να αγοράσω χρόνο ομιλίας προς σταθερά,,αγοράζω χρόνος ομιλία προς σταθερός
θέλω να κάνω το κινητό μου hotspot,,κινητό hotspot
να απενεργοποιήσετε,,απενεργοποιήσω
θέλω απενεργοποίηση,,απενεργοποίηση
θέλω βοήθεια με τον λογαριασμό μου,,βοήθεια λογαριασμός
έχω κάνει διακανονισμό και ακόμη μου δείχνει ότι χρωστάω,,διακανονισμός ακόμα δείχνω χρωστάω
τον λογαριασμό μου,,λογαριασμός
μπορεί να με καλέσουν από το τμήμα πωλήσεων για την ανανέωση,,μπορώ καλέσουν από τμήμα πωλήσεων ανανέωση
ποια θα είναι τα πλεονεκτήματα που θα έχω αν βάλω φοιτητικό πακέτο,,ποιος πλεονέκτημα βάλω φοιτητικός πακέτο
να κάνω αποπληρωμή της οφειλής του κινητού μου,,αποπληρωμή οφειλή κινητός
φοιτητικό πακέτο,,φοιτητικός πακέτο
παράπονο,,παράπονο
θέλω να αγοράσω λεπτά ομιλίας προς όλους,,αγοράζω λεπτό ομιλία προς όλος
πού είναι αυτή η ανάλυση για τον λογαριασμό μου,,πού αυτός ανάλυση λογαριασμός
θέλω να γίνει εξόφληση της οφειλής του σταθερού μου,,γίνομαι εξόφληση οφειλή σταθερού
θα μου πείτε αν έχω επιδότηση,,επιδότηση
θέλω να δω πότε πρέπει να πληρώνω τις δόσεις του διακανονισμού μου,,πότε πρέπει πληρώνω δόση διακανονισμός
έχουμε ένα ραντεβού για σήμερα,,ένας ραντεβού σήμερα
επιθυμώ να βάλω χρόνο ομιλίας στην κάρτα,,επιθυμώ βάλω χρόνος ομιλία σε ο κάρτα
να κάνω ανανέωση θέλω,,ανανέωση
θέλω να κάνω διακανονισμό του λογαριασμού που έχει λήξει,,διακανονισμό λογαριασμός λήσσω
να μου κάνετε απενεργοποίηση,,απενεργοποίηση
πώς μπορώ να κάνω διακανονισμό της γραμμής μου,,πώς μπορώ διακανονισμός γραμμή
αγορά προγράμματος με μηνύματα,,αγορά πρόγραμμα μηνύματα
θέλω να με πληροφορήσετε πώς μπορεί να γίνει αίτηση,,πληροφορώ πώς μπορώ γίνομαι αίτηση
μόλις έβγαλα πάσο τι πρέπει να κάνω για να έχω φοιτητικό πακέτο,,μόλις έβγαλα πάσο πρέπει φοιτητικός πακέτο
μία πληροφορία θέλω,,ένας πληροφορία
θέλω να εξοφλήσω τον λογαριασμό μου,,εξοφλώ λογαριασμός
πώς να ενεργοποιήσω το hotspot στο κινητό μου,,πώς ενεργοποιήσω hotspot σε ο κινητό
θα ήθελα να κάνω διακανονισμό στο τηλέφωνό μου,,διακανονισμός σε ο τηλέφωνό
πώς μπορώ να εντοπίσω τις οφειλές μου,,πώς μπορώ εντοπίζω οφειλή
ενδιαφέρομαι για απενεργοποίηση,,ενδιαφέρομαι απενεργοποίηση
θέλω να εξοφλήσω το σταθερό μου,,εξοφλώ σταθερός
βρήκα αναπάντητη στο κινητό μου από εσάς,,βρήκα αναπάντητος σε ο κινητό από
πόσο χρωστάω συνολικά,,πόσο χρωστάω συνολικά
πόση επιδότηση έχω,,επιδότηση
πόσα χρωστάω τελικά,,πόσος χρωστάω τελικά
θέλω να κάνω το κινητό μου tethering,,κινητό tethering
θέλω να κάνω εξόφληση λογαριασμού για το τηλέφωνο μου,,εξόφληση λογαριασμός τηλέφωνος
θέλω να γίνει εξόφληση παραστατικού του κινητού μου,,γίνομαι εξόφληση παραστατικός κινητού
θέλω να κάνω εξόφληση της οφειλής της τηλεόρασης,,εξόφληση οφειλή τηλεόραση
ποιο είναι το ποσό των οφειλών μου,,ποιος ποσό οφειλών
για λογαριασμό που έχω σε εσάς,,λογαριασμός
διακανονισμός οικονομικής εκκρεμότητας,,διακανονισμός οικονομικός εκκρεμότητα
ποιο είναι το ποσό των χρεών μου,,ποιος ποσό χρεών
ποιες είναι οι οφειλές μου,,ποιος οφειλός
γιατί δε δουλεύει το hotspot,,γιατί δουλεύω hotspot
πού υπάρχουν αναλυτικά οι κλήσεις μου,,πού υπάρχω αναλυτικά κλήσεις
θέλω να δω την ανάλυση των κλήσεων,,ανάλυση κλήσεων
να αποπληρώσω την οφειλή μου,,αποπληρώσως οφειλή
να εξοφλήσω την οφειλή μου,,εξοφλώ οφειλή
λογαριασμός τηλεφώνου,,λογαριασμός τηλεφώνου
πώς ανοίγει το tethering,,πώς ανοίγει tethering
πώς κάνω tethering,,πώς tethering
να εκφράσω τα παράπονά μου,,εκφράζω παράπονά
θέλω να κάνω αίτηση,,αίτηση
εξετάζω τη δυνατότητα να αγοράσω ένα νέο tablet,,εξετάζω δυνατότητα αγοράζω ένας νέος tablet
να ρωτήσω κάτι,,ρωτώ κάτι
με ενδιαφέρει η υπηρεσία αναλυτικού λογαριασμού,,ενδιαφέρω υπηρεσία αναλυτικός λογαριασμός
λογαριασμός,,λογαριασμός
να κάνω εξόφληση της οφειλής του σταθερού μου,,εξόφληση οφειλή σταθερού
πώς μπορώ να βάλω φοιτητικό,,πώς μπορώ βάλω φοιτητικός
πού είναι η ανάλυση στον λογαριασμό μου,,πού ανάλυση σε ο λογαριασμός
θέλω να αγοράσω έξτρα λεπτά ομιλίας,,αγοράζω έξτρο λεπτό ομιλία
να αγοράσω πρόγραμμα με mb,,αγοράζω πρόγραμμα mb
μπορείτε να με συνδέσετε παρακαλώ με τις πωλήσεις,,μπορώ συνδέσω παρακαλώ πωλήσεις
πόση οφειλή έχω,,οφειλή
ήθελα να μάθω το υπόλοιπο,,μάθω υπόλοιπος
θα ήθελα να αλλάξω ένα ραντεβού,,αλλάξω ένας ραντεβού
επιθυμώ να ενεργοποιήσω κάποιο πρόγραμμα mb,,επιθυμώ ενεργοποιήσω κάποιος πρόγραμμα mb
αίτημα για ραντεβού,,αίτημα ραντεβού
επιθυμώ ανανέωση,,επιθυμώ ανανέωση
επιθυμώ να ενεργοποιήσω,,επιθυμώ ενεργοποιήσω
θέλω να αποκτήσω επιπλέον χρόνο για να μιλάω με τους δικούς μου,,αποκτώ επιπλέον χρόνος μιλάως
θα ήθελα να ρωτήσω για ένα διακανονισμό που είχαμε κάνει,,ρωτώ ένας διακανονισμός
θέλω να καταχωρήσω αίτημα,,καταχωρώ αίτημα
αλλαγή ραντεβού,,αλλαγή ραντεβού
ενεργοποίηση προγράμματος με δεδομένα,,ενεργοποίηση πρόγραμμα δεδομένας
να γίνει απόρρητο το σταθερό μου,,γίνομαι απόρρητος σταθερός
σχετικά με τον λογαριασμό μου,,σχετικά λογαριασμός
με ποιον τρόπο μπορώ να ενημερωθώ για τον τρόπο που μπορεί να γίνει αίτηση,,τρόπος μπορώ ενημερωθώ τρόπος μπορώ γίνομαι αίτηση
ανανέωση λεπτών ομιλίας γιατί μου τελείωσαν,,ανανέωση λεπτών ομιλία γιατί τελείωσαν
θέλω να μου βάλετε λεπτά για να μιλάω,,βάλετε λεπτό μιλάως
θέλω να βάλω χρόνο ομιλίας,,βάλω χρόνος ομιλία
θέλω να γίνει εξόφληση λογαριασμού για το κινητό μου,,γίνομαι εξόφληση λογαριασμός κινητό
να ενεργοποιήσω,,ενεργοποιήσω
χρόνος ομιλίας,,χρόνος ομιλία
πώς μπορώ να ανοίξω τον αναλυτικό μου λογαριασμό,,πώς μπορώ ανοίξω αναλυτικός λογαριασμός
πρέπει να συνδεθώ με το τμήμα πωλήσεων,,πρέπει συνδεθώ τμήμα πωλήσεων
δε μου εμφανίζονται τα φοιτητικά πακέτα,,εμφανίζω φοιτητικός πακέτα
επιθυμώ να αγοράσω λεπτά ομιλίας,,επιθυμώ αγοράζω λεπτό ομιλία
ποιες είναι οι διαθέσιμες υπηρεσίες,,ποιος διαθέσιμος υπηρεσία
επιθυμώ την υπηρεσία της βιντεοκλήσης,,επιθυμώ υπηρεσία βιντεοκλήση
πώς μπορώ να δω την ανάλυση ολόκληρης της κίνησης που έκανα,,πώς μπορώ ανάλυση ολόκληρος κίνηση έκανο
θέλω να κάνω διακανονισμό του λογαριασμού που είναι ληξιπρόθεσμος,,διακανονισμό λογαριασμός ληξιπρόθεσμος
έχω κανονίσει ραντεβού για νέα σύνδεση,,κανονίσει ραντεβού νέος σύνδεση
δε μου εμφανίζεται αυτή η επιλογή διακανονισμού,,εμφανίζεται αυτός επιλογή διακανονισμός
πρέπει να μιλήσω με το τμήμα πωλήσεων,,πρέπει μιλώ τμήμα πωλήσεων
θέλω να κάνω αποπληρωμή της οφειλής,,αποπληρωμή οφειλή
θέλω να παραπονεθώ,,παραπονεθώ
θέλω να μάθω την οφειλή μου,,μάθω οφειλή
θα ήθελα να προσθέσω χρόνο ομιλίας στο κινητό,,προσθέσω χρόνος ομιλία σε ο κινητό
χρειάζομαι πλήρη ανάλυση κλήσεων,,χρειάζομαι πλήρης ανάλυση κλήσεων
θα ήθελα ενημέρωση για την απόκρυψη κλήσεων,,ενημέρωση απόκρυψη κλήσεων
να πληροφορηθώ το υπόλοιπό μου,,πληροφορηθώ υπόλοιπος
πώς κάνω hotspot τη συσκευή μου,,πώς hotspot συσκευή
στην ανάλυση κλήσεων υπάρχουν όλοι οι αριθμοί που τηλεφώνησα,,σε ο ανάλυση κλήσεων υπάρχω όλος αριθμός τηλεφώνησα
θέλω να αγοράσω έξτρα χρόνο ομιλίας,,αγοράζω έξτρο χρόνος ομιλία
ανάλυση εξερχομένων,,ανάλυση εξερχομένων
θέλω να δω αναλυτικά τις κινήσεις του σταθερού μου,,αναλυτικά κίνηση σταθερού
κάτι δεν πάει καλά με το tethering,,κάτι πάει καλά tethering
να κάνω πληρωμή της οφειλής,,πληρωμή οφειλή
πού μπορώ να δω τις υπηρεσίες,,πού μπορώ υπηρεσία
τo παραστατικό του συμβολαίου μου,,παραστατικός συμβολαίου
από πού κλείνει το hotspot,,από πού κλείνω hotspot
σταθερό τηλέφωνο απόρρητο,,σταθερός τηλέφωνος απόρρητο
θέλω να μάθω τη χρέωση,,μάθω χρέωση
θα ήθελα να δω την πλήρη ανάλυση των κλήσεων,,πλήρης ανάλυση κλήσεων
λεπτά ομιλίας,,λεπτό ομιλία
επιθυμώ να μάθω τι χρωστάω,,επιθυμώ μάθω χρωστάω
θέλω να δω μερική ανάλυση των κλήσεων,,μερικός ανάλυση κλήσεων
επιθυμώ να αγοράσω κάποιο πρόγραμμα mb,,επιθυμώ αγοράζω κάποιος πρόγραμμα mb
θα ήθελα να με πληροφορήσετε πώς μπορεί να γίνει αίτηση,,πληροφορώ πώς μπορώ γίνομαι αίτηση
θέλω να κάνω εξόφληση της οφειλής,,εξόφληση οφειλή
από πού ενημερώνομαι για τα υπόλοιπα,,από πού ενημερώνομαι υπόλοιπος
θέλω υπηρεσίες για τον αριθμό μου,,υπηρεσία αριθμός
πού βλέπω την επιδότησή μου,,πού βλέπω επιδότηση
θέλω να μου βάλετε χρόνο ομιλίας,,βάλετε χρόνος ομιλία
θέλω να αγοράσω χρόνο ομιλίας για το κινητό μου,,αγοράζω χρόνος ομιλία κινητό
θέλω υπηρεσίες για το κινητό μου,,υπηρεσία κινητό
θα ήθελα να κάνω διακανονισμό στον λογαριασμό μου,,διακανονισμός σε ο λογαριασμός
πώς να κάνω το κινητό μου hotspot,,πώς κινητό hotspot
έχει μείνει ένα υπόλοιπο το οποίο θα ήθελα να διακανονίσω,,μένω ένας υπόλοιπος οποίος διακανονίζω
δεν ξέρω από πού ανοίγει το hotspot,,ξέρω από πού ανοίγει hotspot
πώς μπορώ να κάνω διακανονισμό οικονομικής εκκρεμότητας,,πώς μπορώ διακανονισμός οικονομικός εκκρεμότητα
επιθυμώ να αγοράσω χρόνο ομιλίας,,επιθυμώ αγοράζω χρόνος ομιλία
χρειάζομαι βοήθεια για το tethering,,χρειάζομαι βοήθεια tethering
να αλλάξω ραντεβού για νέα σύνδεση,,αλλάξω ραντεβού νέος σύνδεση
επικοινωνία με το τμήμα πωλήσεων,,επικοινωνία τμήμα πωλήσεων
ραντεβού για εγκατάσταση,,ραντεβού εγκατάσταση
ενδιαφέρομαι να απενεργοποιήσω,,ενδιαφέρομαι απενεργοποιώ
θέλω να κάνω αποπληρωμή της οφειλής του τηλεφώνου μου,,αποπληρωμή οφειλή τηλεφώνου
θέλω να συμπληρώσω φόρμα παραπόνων,,συμπληρώνω φόρμα παραπόνων
να αγοράσω tablet,,αγοράζω tablet
μπορώ να προχωρήσω σε διακανονισμό του κινητού μου,,μπορώ προχωρώ διακανονισμός κινητού
τιμοκατάλογος για tablet,,τιμοκατάλογος tablet
το tethering δε δουλεύει σωστά,,tethering δουλεύω σωστά
θέλω να αγοράσω λεπτά ομιλίας,,αγοράζω λεπτό ομιλία
ανάλυση κλήσεων με κρυμμένα νούμερα,,ανάλυση κλήσεων κρυμμένος νούμερα
παρακαλώ βοηθήστε με,,παρακαλώ βοηθήστε
ενδιαφέρομαι να ενεργοποιήσω,,ενδιαφέρομαι ενεργοποιήσω
πόσα χρήματα οφείλω συνολικά,,πόσος χρήμα οφείλω συνολικά
να ενημερωθώ για ένα ραντεβού,,ενημερωθώ ένας ραντεβού
δε μου επιτρέπει να μπω να εξοφλήσω τον λογαριασμό μου,,επιτρέπω εξοφλώ λογαριασμός
τι όνομα έχει το δικό μου tethering και δεν το βρίσκω,,όνομα tethering βρίσκω
θέλω να ενεργοποιήσω πρόγραμμα μηνυμάτων,,ενεργοποιήσω πρόγραμμα μηνυμάτων
τo παραστατικό της τηλεόρασής μου,,παραστατικός τηλεόραση
θα ήθελα να δω μερική ανάλυση των κλήσεων,,μερικός ανάλυση κλήσεων
να γίνει απενεργοποίηση,,γίνομαι απενεργοποίηση
μπορείτε σας παρακαλώ να δείτε για πότε είναι το ραντεβού μου για αλλαγή διεύθυνσης,,μπορώ παρακαλώ δείτε πότε ραντεβού αλλαγή διεύθυνση
ενημέρωση για επιδότηση,,ενημέρωση επιδότηση
θα ήθελα διευκρινήσεις σχετικά με τον διακανονισμό,,διευκρινήσεις σχετικά διακανονισμός
πώς μπορώ να υποβάλω αίτημα,,πώς μπορώ υποβάλω αίτημα
υπάρχει τρόπος να βλέπω αναλυτικά τις κλήσεις που γίνονται από τα κινητά μου,,υπάρχω τρόπος βλέπω αναλυτικά κλήσεις γίνομαι από κινητό
πουλάτε tablet,,πουλάτε tablet
απενεργοποίηση,,απενεργοποίηση
θα ήθελα να συνδεθώ με το τμήμα λογαριασμών,,συνδεθώ τμήμα λογαριασμός
θέλω να κάνω διακανονισμό στην τηλεόραση γιατί δεν μπορώ να πληρώσω τον λογαριασμό,,διακανονισμός σε ο τηλεόραση γιατί μπορώ πληρώσω λογαριασμός
πληροφορίες για τον αναλυτικό λογαριασμό,,πληροφορία αναλυτικός λογαριασμός
μία ερώτηση να κάνω,,ένας ερώτηση
κινητό τηλέφωνο απόρρητο,,κινητό τηλέφωνος απόρρητο
επιθυμώ να δω τη μερική ανάλυση των κλήσεων,,επιθυμώ μερικός ανάλυση κλήσεων
επιθυμώ νέο tablet,,επιθυμώ νέος tablet
επιθυμώ να ενημερωθώ για το ποσό που χρωστάω,,επιθυμώ ενημερωθώ ποσό χρωστάω
θέλω να βάλω λεπτά ομιλίας,,βάλω λεπτό ομιλία
θέλω να μου βάλετε λεπτά ομιλίας,,βάλετε λεπτό ομιλία
θέλω να δω αναλυτικά την κίνησή μου,,αναλυτικά κίνηση
πώς μπορώ να ενεργοποιήσω πρόγραμμα με mb,,πώς μπορώ ενεργοποιήσω πρόγραμμα mb
αγορά προγράμματος χρόνου ομιλίας,,αγορά πρόγραμμα χρόνος ομιλία
θέλω να καταθέσω αίτηση,,καταθέσω αίτηση
πείτε μου σχετικά με τις βιντεοκλήσεις,,σχετικά βιντεοκλήσεις
υπηρεσία απόκρυψης κλήσεων,,υπηρεσία απόκρυψη κλήσεων
θέλω να κάνω εξόφληση παραστατικού,,εξόφληση παραστατικός
να κάνω εξόφληση λογαριασμού για το κινητό μου,,εξόφληση λογαριασμός κινητό
θέλω να προγραμματίσω εκ νέου ένα ραντεβού,,προγραμματίζω εκ νέος ένας ραντεβού
λογαριασμός κινητής τηλεφωνίας,,λογαριασμός κινητός τηλεφωνία
πείτε μου για τον αναλυτικό λογαριασμό,,αναλυτικός λογαριασμός
θα ήθελα να μάθω την αναλυτική κίνηση του τηλεφώνου μου,,μάθω αναλυτικός κίνηση τηλεφώνου
θέλω να αποπληρώσω το κινητό μου,,αποπληρώσως κινητό
να επικοινωνήσω με το τμήμα πωλήσεων,,επικοινωνώ τμήμα πωλήσεων
θέλω μια πλήρη ανάλυση για κλήσεις,,ένας πλήρης ανάλυση κλήσεις
υπάρχει κάποιος πωλητής να συνομιλήσω,,υπάρχω κάποιος πωλητής συνομιλώ
θα ήθελα να λάβω πληροφορίες σχετικά με την ανάλυση κλήσεων στο κινητό μου,,λαμβάνω πληροφορία σχετικά ανάλυση κλήσεων σε ο κινητό
θέλω να κάνω πληρωμή της οφειλής,,πληρωμή οφειλή
θέλω να διατυπώσω ένα παράπονο,,διατυπώσω ένας παράπονο
θέλω να κάνω εξόφληση της οφειλής του τηλεφώνου μου,,εξόφληση οφειλή τηλεφώνου
πώς να κάνω το κινητό μου να λειτουργεί ως hotspot,,πώς κινητό λειτουργώ ως hotspot
καταχωρήστε μου ένα αίτημα,,καταχωρήστε ένας αίτημα
θέλω βιντεοκλήση στο κινητό,,βιντεοκλήση σε ο κινητό
έχω κλείσει τον λογαριασμό του σταθερού τηλεφώνου αλλά έχω απλήρωτο το τελευταίο δίμηνο,,κλείνω λογαριασμός σταθερού τηλεφώνου αλλά απλήρωτος τελευταίος δίμηνος
τι χρωστάω για το κινητό μου,,χρωστάω κινητό
πώς μπορώ να βλέπω αναλυτικό λογαριασμό,,πώς μπορώ βλέπω αναλυτικός λογαριασμός
θα ήθελα να κάνω διακανονισμό σε όλο το ποσό,,διακανονισμός όλος ποσό
έχω ανάγκη από ενημέρωση,,ανάγκη από ενημέρωση
χρειάζομαι πληροφορίες,,χρειάζω πληροφορία
υπηρεσίες,,υπηρεσία
να δηλώσω απόρρητο το σταθερό μου,,δηλώνω απόρρητο σταθερός
είχα μία κλήση στο κινητό μου από εσάς και σας κάλεσα,,ένας κλήση σε ο κινητό από κάλεσα
δε βρίσκω τι χρωστάω,,βρίσκω χρωστάω
τι πρέπει να γνωρίζω για την απόκρυψη κλήσεων,,πρέπει γνωρίζω απόκρυψη κλήσεων
θέλω να μου ενεργοποιήσετε,,ενεργοποιήσω
να ενημερωθώ για τα υπόλοιπά μου,,ενημερωθώ υπόλοιπά
ποιο είναι το ποσό που οφείλω,,ποιος ποσό οφείλω
να ενεργοποιηθεί,,ενεργοποιηθεί
το hotspot δε δουλεύει σωστά,,hotspot δουλεύω σωστά
να εξοφλήσω τον λογαριασμό μου,,εξοφλώ λογαριασμός
θα ήθελα να διακανονίσω την οφειλή μου,,διακανονίζω οφειλή
επιθυμώ ενεργοποίηση,,επιθυμώ ενεργοποίηση
ενεργοποίηση tethering,,ενεργοποίηση tethering
να αποπληρώσω το σταθερό μου,,αποπληρώσως σταθερός
θέλω να αγοράσω λεπτά ομιλίας προς κινητά,,αγοράζω λεπτό ομιλία προς κινητάς
μπορώ να προχωρήσω σε διακανονισμό του τηλεφώνου μου,,μπορώ προχωρώ διακανονισμός τηλεφώνου
γιατί δε δουλεύει το tethering,,γιατί δουλεύω tethering
να ενημερωθώ σχετικά με το υπόλοιπό μου,,ενημερωθώ σχετικά υπόλοιπος
με ποιον τρόπο μπορώ να πραγματοποιήσω αίτηση,,τρόπος μπορώ πραγματοποιήσω αίτηση
να κάνω εξόφληση της οφειλής,,εξόφληση οφειλή
να μάθω για ενεργοποίηση,,μάθω ενεργοποίηση
πώς μπορώ να ενημερωθώ για τις οφειλές μου,,πώς μπορώ ενημερωθώ οφειλή
θέλω να προχωρήσω σε διακανονισμό,,προχωρώ διακανονισμός
διακανονισμός παλιάς οφειλής,,διακανονισμός παλιάς οφειλή
χρειάζομαι βοήθεια,,χρειάζομαι βοήθεια
θα μπορούσα να έχω πρόσβαση στην ανάλυση λογαριασμού κινητού,,μπορούσας πρόσβαση σε ο ανάλυση λογαριασμός κινητός
θέλω υπηρεσίες για τη γραμμή μου,,υπηρεσία γραμμή
κάτι έκανα στο tethering και τώρα δε δουλεύει,,κάτι έκανο σε ο tethering τώρα δουλεύω
επιθυμώ να προσθέσω λεπτά ομιλίας,,επιθυμώ προσθέσω λεπτός ομιλία
με συνδέετε με το τμήμα πωλήσεων,,συνδέετε τμήμα πωλήσεων
απόρρητο τηλέφωνο,,απόρρητος τηλέφωνος
θέλω να μου δείξετε την αναλυτική κίνηση του τηλεφώνου μου,,δείξω αναλυτικός κίνηση τηλεφώνου
θα ήθελα να επικοινωνήσω με το τμήμα διακανονισμού λογαριασμών,,επικοινωνώ τμήμα διακανονισμός λογαριασμός
θέλω να ενημερωθώ για αναλυτικό λογαριασμό στο σταθερό,,ενημερωθώ αναλυτικός λογαριασμός σε ο σταθερός
θέλω να υποβάλω αίτηση,,υποβάλω αίτηση
θέλω να μάθω το χρέος μου,,μάθω χρέος
ποιο είναι το συνολικό ποσό των οφειλών μου,,ποιος συνολικός ποσό οφειλών
θέλω να κάνω διακανονισμό στον λογαριασμό μου,,διακανονισμός σε ο λογαριασμός
τι είναι αυτή η ανάλυση στον λογαριασμό μου,,αυτός ανάλυση σε ο λογαριασμός
συνδέστε με με το τμήμα πωλήσεων,,συνδέστε τμήμα πωλήσεων
πώς μπορώ να μάθω πληροφορίες για τις υπηρεσίες,,πώς μπορώ μάθω πληροφορία υπηρεσία
χρειάζομαι τη βοήθειά σας,,χρειάζομαι βοήθειά
υποβολή παραπόνου,,υποβολή παραπόνου
επιθυμώ να με πληροφορήσετε πώς μπορεί να γίνει αίτηση,,επιθυμώ πληροφορώ πώς μπορώ γίνομαι αίτηση
καλημέρα καλώ σχετικά με ένα ραντεβού,,καλημέρα καλώ σχετικά ένας ραντεβού
πόσα χρήματα οφείλω,,πόσος χρήμα οφείλω
θέλω να προσθέσω χρόνο ομιλίας,,προσθέσω χρόνος ομιλία
να αποπληρώσω τον λογαριασμό μου,,αποπληρώσως λογαριασμός
θα ήθελα βοήθεια,,βοήθεια
να έχω βιντεοκλήση,,βιντεοκλήση
επιθυμώ να ανακαλύψω τα χρέη μου,,επιθυμώ ανακαλύψω χρέος
ακύρωση ραντεβού,,ακύρωση ραντεβού
θέλω διακανονισμό,,διακανονισμός
να κάνω ενεργοποίηση,,ενεργοποίηση
θέλω να μου δώσετε κάποιες πληροφορίες,,δώσετε κάποιος πληροφορία
κλήσεις με απόκρυψη,,κλήσεις απόκρυψη
νέο tablet,,νέος tablet
θέλω να μου πείτε πότε πρέπει να πληρώνω τις δόσεις του διακανονισμού μου,,πότε πρέπει πληρώνω δόση διακανονισμός
ενεργοποίηση της βιντεοκλήσης,,ενεργοποίηση βιντεοκλήση
θέλω ανανέωση,,ανανέωση
καταγραφή παραπόνου,,καταγραφή παραπόνου
να αποπληρώσω το τηλέφωνό μου,,αποπληρώσως τηλέφωνό
πώς μπορώ να δω την ανάλυση όλων των κλήσεων και μηνυμάτων,,πώς μπορώ ανάλυση όλος κλήσεων μηνυμάτο
πού βλέπω το υπόλοιπο,,πού βλέπω υπόλοιπος
θέλω να ακυρώσω το ραντεβού που έχουμε,,ακυρώνω ραντεβού
λογαριασμό κινητού,,λογαριασμός κινητός
ενεργοποίηση προγράμματος με μηνύματα,,ενεργοποίηση πρόγραμμα μηνύματα
ήθελα να ενημερωθώ για την απόκρυψη,,ενημερωθώ απόκρυψη
με ποιον τρόπο κάνω αίτηση,,τρόπος αίτηση
λογαριασμός σταθερής internet,,λογαριασμός σταθερής internet
με ποιον τρόπο μπορώ να καταχωρήσω αίτημα,,τρόπος μπορώ καταχωρώ αίτημα
χρόνος για ομιλία,,χρόνος ομιλία
ποιο είναι το χρέος μου,,ποιος χρέος
την ανάλυση κλήσεων,,ανάλυση κλήσεων
πού θα μπω για να κάνω αίτημα διακανονισμού κινητής,,πού αίτημα διακανονισμός κινητός
ψάχνω να βρω τι χρωστάω,,ψάχνω βρως χρωστάω
ενεργοποίηση προγράμματος με χρόνο ομιλίας,,ενεργοποίηση πρόγραμμα χρόνος ομιλία
ενδιαφέρομαι για τη λεπτομερή ανάλυση λογαριασμού,,ενδιαφέρομαι λεπτομερής ανάλυση λογαριασμός
πόσα χρήματα οφείλω τελικά,,πόσος χρήμα οφείλω τελικά
θέλω να γίνει αποπληρωμή λογαριασμού του τηλεφώνου μου,,γίνομαι αποπληρωμή λογαριασμός τηλεφώνου
θέλω να κάνω αποπληρωμή της οφειλής του σταθερού μου,,αποπληρωμή οφειλή σταθερού
θέλω να μάθω ποιο είναι το σύνολο των οφειλών μου,,μάθω ποιος σύνολο οφειλών
δε μου δείχνει αυτή την επιλογή διακανονισμού,,δείχνω αυτός επιλογή διακανονισμός
θα ήθελα να κάνω ένα παράπονο,,ένας παράπονο
αλλαγή ραντεβού ενεργοποίησης,,αλλαγή ραντεβού ενεργοποίηση
χρειάζομαι βοήθεια για το hotspot,,χρειάζομαι βοήθεια hotspot
λογαριασμό σταθερού,,λογαριασμός σταθερού
δεν έχω την επιλογή διακανονισμού,,επιλογή διακανονισμός
θέλω υπηρεσίες για τη σύνδεσή μου,,υπηρεσία σύνδεση
ανάλυση κλήσεων στον λογαριασμό μου,,ανάλυση κλήσεων σε ο λογαριασμός
θέλω χρόνο ομιλίας,,χρόνος ομιλία
θέλω να κάνω εξόφληση λογαριασμού για το κινητό μου,,εξόφληση λογαριασμός κινητό
πώς μπορώ να κάνω αίτημα,,πώς μπορώ αίτημα
ανάλυση λογαριασμού,,ανάλυση λογαριασμός
ζητώ να απενεργοποιήσω,,ζητώ απενεργοποιώ
να κάνω πληρωμή λογαριασμού για το κινητό μου,,πληρωμή λογαριασμός κινητό
θα χρειαστεί να ενημερωθώ σχετικά με τον τρόπο υποβολής αίτησης,,χρειάζομαι ενημερωθώ σχετικά τρόπος υποβολή αίτηση
να ρωτήσω για ενεργοποίηση,,ρωτώ ενεργοποίηση
μπορώ να προχωρήσω σε διακανονισμό της σύνδεσης μου,,μπορώ προχωρώ διακανονισμός σύνδεση
τo παραστατικό της σύνδεσής μου,,παραστατικός σύνδεση
να μάθω για τον αναλυτικό λογαριασμό,,μάθω αναλυτικός λογαριασμός
θέλω να γίνει αποπληρωμή της οφειλής του σταθερού μου,,γίνομαι αποπληρωμή οφειλή σταθερού
έχω ανάγκη από πληροφορίες,,ανάγκη από πληροφορία
επιθυμώ να αγοράσω κάποιο πρόγραμμα μηνυμάτων,,επιθυμώ αγοράζω κάποιος πρόγραμμα μηνυμάτων
να αλλάξω την ώρα στο ραντεβού μας,,αλλάξω ώρα σε ο ραντεβού
βοήθεια με λογαριασμό,,βοήθεια λογαριασμός
να με πληροφορήσετε,,πληροφορήζω
πώς μπορώ να βλέπω ανάλυση όλης της κίνησης που έχω κάνει,,πώς μπορώ βλέπω ανάλυση όλη κίνηση
καταχωρήστε μου μια αίτηση,,καταχωρήστε ένας αίτηση
να κάνω εξόφληση παραστατικού του σταθερού μου,,εξόφληση παραστατικός σταθερού
ιδιωτικό απόρρητο του τηλεφώνου,,ιδιωτικός απόρρητο τηλεφώνος
θέλω να αγοράσω πρόγραμμα ομιλίας,,αγοράζω πρόγραμμα ομιλία
θέλω να κάνω εξόφληση λογαριασμού για το σταθερό μου,,εξόφληση λογαριασμός σταθερός
να απενεργοποιηθεί,,απενεργοποιηθεί
επιθυμώ βοήθεια,,επιθυμώ βοήθεια
επιθυμώ πληροφορίες,,επιθυμώ πληροφορία
χρειάζομαι να πληρώσω τον λογαριασμό μου και δεν παίρνουν το ποσό που πρέπει,,χρειάζομαι πληρώσω λογαριασμός παίρνω ποσό πρέπει
διακανονισμός,,διακανονισμός
πώς μπορώ να δω αναλυτικά σε ποιους αριθμούς έχω κάνει κλήση καθώς και τη διάρκεια τους,,πώς μπορώ αναλυτικά ποιος αριθμός κλήση καθώς διάρκεια
ανάλυση εξερχόμενων μηνυμάτων,,ανάλυση εξερχόμενων μηνυμάτων
να απενεργοποιήσω,,απενεργοποιώ
θέλω να κάνω διακανονισμό στην τηλεόραση γιατί δεν έχω τη δυνατότητα να πληρώσω το ληξιπρόθεσμο ποσό,,διακανονισμός σε ο τηλεόραση γιατί δυνατότητα πληρώσω ληξιπρόθεσμος ποσό
χρειάζομαι υπηρεσίες,,χρειάζομαι υπηρεσία
να μάθω για απενεργοποίηση,,μάθω απενεργοποίηση
θέλω να αποπληρώσω τον λογαριασμό μου,,αποπληρώσως λογαριασμός
πώς μπορώ να υποβάλω αίτηση,,πώς μπορώ υποβάλω αίτηση
να κάνω αποπληρωμή λογαριασμού για το τηλέφωνό μου,,αποπληρωμή λογαριασμός τηλέφωνό
ποιο είναι το σύνολο των οφειλών μου,,ποιος σύνολο οφειλών
επιθυμώ να καταθέσω αίτηση,,επιθυμώ καταθέσω αίτηση
θέλω να μου απενεργοποιήσετε,,απενεργοποιήσω
πώς μπορώ να μιλήσω με κάποιον από τις πωλήσεις,,πώς μπορώ μιλώ κάποιος από πωλήσεις
ποιο είναι το ποσό που χρωστάω,,ποιος ποσό χρωστάω
θα ήθελα να ενημερωθώ τι υπόλοιπο έχω από τον διακανονισμό,,ενημερωθώς υπόλοιπος από διακανονισμός
θέλω δωρεάν χρόνο ομιλίας,,δωρεάν χρόνος ομιλία
να ενεργοποιήσετε,,ενεργοποιήσετε
θέλω πλήρη ανάλυση κλήσεων,,πλήρης ανάλυση κλήσεων
να γίνει απόρρητο το κινητό μου,,γίνομαι απόρρητος κινητό
θέλω να κάνω εξόφληση της οφειλής του κινητού μου,,εξόφληση οφειλή κινητός
θέλω να αποπληρώσω το τηλέφωνό μου,,αποπληρώσως τηλέφωνό
θέλω να δω αναλυτικά τις κινήσεις του κινητού μου,,αναλυτικά κίνηση κινητού
πώς καλώ με βιντεοκλήση,,πώς καλώ βιντεοκλήση
πώς μπορώ να δω ανάλυση όλων των κλήσεων και μηνυμάτων,,πώς μπορώ ανάλυση όλος κλήσεων μηνυμάτο
να κάνω αποπληρωμή της οφειλής,,αποπληρωμή οφειλή
πότε λήγει το φοιτητικό πακέτο,,πότε λήγω φοιτητικός πακέτο
να ρωτήσω για απενεργοποίηση,,ρωτώ απενεργοποίηση
να δηλώσω απόρρητο το κινητό μου,,δηλώνω απόρρητο κινητό
πόση την έχω πια την οφειλή μου,,πια οφειλή
θα ήθελα να κάνω αίτημα,,αίτημα
έχω κάνει αίτηση για ραντεβού,,αίτηση ραντεβού
θέλω να γίνει εξόφληση της οφειλής του τηλεφώνου μου,,γίνομαι εξόφληση οφειλή τηλεφώνου
υπηρεσία για απόκρυψη κλήσεων,,υπηρεσία απόκρυψη κλήσεων
να κάνω πληρωμή της οφειλής του κινητού μου,,πληρωμή οφειλή κινητός
με ποιον τρόπο μπορώ να καταθέσω αίτηση,,τρόπος μπορώ καταθέσω αίτηση
ενδιαφέρομαι για ενεργοποίηση,,ενδιαφέρομαι ενεργοποίηση
να κάνω εξόφληση της οφειλής του τηλεφώνου μου,,εξόφληση οφειλή τηλεφώνου
πόσα χρέη έχω συνολικά,,πόσος χρέος συνολικά
καλημέρα αφορά τον λογαριασμό μου,,καλημέρα αφορώ λογαριασμός
έχετε κάπου οδηγίες για hotspot,,κάπου οδηγία hotspot
θέλω να κάνω αγορά προγράμματος μηνυμάτων,,αγορά πρόγραμμα μηνυμάτο
επιθυμώ να δω την ανάλυση των κλήσεων,,επιθυμώ ανάλυση κλήσεων
πώς εμφανίζω τον αναλυτικό λογαριασμό,,πώς εμφανίζω αναλυτικός λογαριασμός
θέλω να αγοράσω χρόνο ομιλίας,,αγοράζω χρόνος ομιλία
τι κωδικό έχει το tethering,,κωδικός tethering
πόσο είναι η επιδότησή μου,,πόσο επιδότηση
λογαριασμός της σύνδεσής μου,,λογαριασμός σύνδεση
από πού μπορώ να ενημερωθώ για τα χρέη μου,,από πού μπορώ ενημερωθώ χρέος
χρόνο για να μιλάω,,χρόνος μιλάως
πώς μπορώ να ενημερωθώ για τον τρόπο που μπορεί να γίνει αίτηση,,πώς μπορώ ενημερωθώ τρόπος μπορώ γίνομαι αίτηση
θέλω να ενημερωθώ για αναλυτικό λογαριασμό στο κινητό,,ενημερωθώ αναλυτικός λογαριασμός σε ο κινητό
θέλω να ενημερωθώ για υπηρεσίες,,ενημερωθώ υπηρεσία
ενδιαφέρομαι να μου απενεργοποιήσετε,,ενδιαφέρομαι απενεργοποιήσω
αναφορά παραπόνου,,αναφορά παραπόνου
να γίνει απόρρητο το τηλέφωνο,,γίνομαι απόρρητος τηλέφωνος
να ενημερωθώ για τις βιντεοκλήσεις,,ενημερωθώς βιντεοκλήσεις
ανάλυση εισερχόμενων κλήσεων,,ανάλυση εισερχόμενος κλήσεων
πόσο χρωστάω,,πόσο χρωστάω
θα ήθελα να υποβάλω αίτηση,,υποβάλω αίτηση
να εξοφλήσω το σταθερό μου,,εξοφλώ σταθερός
θα ήθελα να μάθω λεπτομέρειες σχετικά με τον διακανονισμό,,μάθω λεπτομέρεια σχετικά διακανονισμός
ενδιαφέρομαι να αποκτήσω ένα νέο tablet,,ενδιαφέρομαι αποκτώ ένας νέος tablet
τον λογαριασμό της σύνδεσής μου,,λογαριασμός σύνδεση
επιθυμώ να μιλήσω με τις πωλήσεις,,επιθυμώ μιλώ πωλήσεις
να ενημερωθώ για την παρούσα κατάσταση του υπολοίπου μου,,ενημερωθώ παρών κατάσταση υπολοίπου
θέλω να κάνω το κινητό μου απόρρητο,,κινητό απόρρητο
επιθυμώ ενημέρωση,,επιθυμώ ενημέρωση
πώς μπορώ να κάνω διακανονισμό κινητής,,πώς μπορώ διακανονισμός κινητός
πώς μπορώ να καταχωρήσω αίτημα,,πώς μπορώ καταχωρώ αίτημα
θέλω να αναφέρω παράπονο,,αναφέρω παράπονο
δε βρίσκω να ανοίξω το hotspot στη συσκευή μου,,βρίσκω ανοίξω hotspot σε ο συσκευή
πού θα βρω πόσα χρωστάω,,πού βρως χρωστάω
πότε θα γίνει το νέο ραντεβού,,πότε γίνομαι νέος ραντεβού
από πού αλλάζει ο κωδικός του tethering,,από πού αλλάζω κωδικός tethering
θέλω να με ενημερώσετε για αναλυτικό λογαριασμό στο κινητό,,ενημερώσω αναλυτικός λογαριασμός σε ο κινητό
θα επιθυμούσα να μάθω πόσες δόσεις απομένουν ακόμη για τον διακανονισμό,,επιθυμούσος μάθω πόσος δόση απομένω ακόμα διακανονισμός
αγορά προγράμματος δεδομένων,,αγορά πρόγραμμα δεδομένο
πώς κάνω hotspot,,πώς hotspot
ενημερώστε με για την ανάλυση των κλήσεων,,ενημερώστε ανάλυση κλήσεων
να ανανεώσω θέλω,,ανανεώσω
βρήκα αναπάντητη στο σταθερό τηλέφωνο από εσάς,,βρήκα αναπάντητος σε ο σταθερός τηλέφωνος από
ενεργοποίηση,,ενεργοποίηση
θέλω πληροφορίες,,πληροφορία
πού μπορώ να βρω τα χρέη μου,,πού μπορώ βρως χρέος
θέλω να βρω τον αναλυτικό λογαριασμό του σταθερού,,βρως αναλυτικός λογαριασμός σταθερού
θέλω να μιλήσω για ένα ραντεβού,,μιλώ ένας ραντεβού
να πληροφορηθώ,,πληροφορηθώ
λογαριασμός κινητής,,λογαριασμός κινητός
δωρεάν χρόνος ομιλίας,,δωρεάν χρόνος ομιλία
ενημέρωση για την απόκρυψη κλήσεων,,ενημέρωση απόκρυψη κλήσεων
από πού αλλάζει ο κωδικός του hotspot,,από πού αλλάζω κωδικός hotspot
τον λογαριασμό του σταθερού μου,,λογαριασμός σταθερού
θέλω να ενημερωθώ πότε πρέπει να πληρώνω τις δόσεις του διακανονισμού μου,,ενημερωθώ πότε πρέπει πληρώνω δόση διακανονισμός
θέλω να ενεργοποιήσω πρόγραμμα ομιλίας,,ενεργοποιήσω πρόγραμμα ομιλία
είχα μία κλήση στο τηλέφωνό μου από εσάς και σας κάλεσα,,ένας κλήση σε ο τηλέφωνό από κάλεσα
θέλω να δω αναλυτικά την κίνηση των κλήσεών μου,,αναλυτικά κίνηση κλήσεών
επιθυμώ να προσθέσω χρόνο ομιλίας,,επιθυμώ προσθέσω χρόνος ομιλία
θέλω να μου βάλετε χρόνο για να μιλάω,,βάλετε χρόνος μιλάως
υπάρχουν άλλες υπηρεσίες πέρα από αυτές που έχω,,υπάρχω άλλος υπηρεσία πέρα από αυτός
θέλω να βάλω λεπτά ομιλίας στην κάρτα,,βάλω λεπτό ομιλία σε ο κάρτα
να κάνω εξόφληση λογαριασμού,,εξόφληση λογαριασμός
θέλω να μάθω πότε πρέπει να πληρώνω τις δόσεις του διακανονισμού μου,,μάθω πότε πρέπει πληρώνω δόση διακανονισμός
ενημέρωση για τις υπηρεσίες,,ενημέρωση υπηρεσία
τι υπόλοιπο έχω,,υπόλοιπος
λειτουργία της βιντεοκλήσης,,λειτουργία βιντεοκλήση
θέλω να ενεργοποιηθεί,,ενεργοποιηθεί
θέλω να καταχωρήσω αίτηση,,καταχωρώ αίτηση
θα ήθελα παρακαλώ να κάνω διακανονισμό του ληξιπρόθεσμου και του τρέχοντος λογαριασμού μου,,παρακαλώ διακανονισμός ληξιπρόθεσμου τρέχον λογαριασμός
ποιες υπηρεσίες έχω ήδη,,ποιος υπηρεσία ήδη
πώς κάνω tethering τη συσκευή μου,,πώς tethering συσκευή
θέλω να ενημερωθώ για τα οφειλόμενά μου,,ενημερωθώ οφειλόμενό
το τμήμα παραπόνων θέλω,,τμήμα παραπόνων
σχετικά με λογαριασμό σταθερού,,σχετικά λογαριασμός σταθερού
θέλω να με ενημερώσετε για αναλυτικό λογαριασμό στο σταθερό,,ενημερώσω αναλυτικός λογαριασμός σε ο σταθερός
τον λογαριασμό του συμβολαίου μου,,λογαριασμός συμβολαίου
πού μπορώ να δω την οφειλή μου,,πού μπορώ οφειλή
ποιο είναι το τελικό ποσό των χρεών μου,,ποιος τελικός ποσό χρεών
να κάνω αποπληρωμή λογαριασμού,,αποπληρωμή λογαριασμός
μπορώ να προχωρήσω σε διακανονισμό του σταθερού μου,,μπορώ προχωρώ διακανονισμός σταθερού
καινούργια υπηρεσία,,καινούργια υπηρεσία
χρήση της υπηρεσίας της βιντεοκλήσης,,χρήση υπηρεσία βιντεοκλήση
να μάθω το υπόλοιπό μου,,μάθω υπόλοιπος
για τον λογαριασμό μου,,λογαριασμός
ζητώ να ενεργοποιήσω,,ζητώ ενεργοποιήσω
επιθυμώ απενεργοποίηση,,επιθυμώ απενεργοποίηση
να μου δείξετε πού είναι ο αναλυτικός λογαριασμός,,δείξω πού αναλυτικός λογαριασμός
να εξοφλήσω το τηλέφωνό μου,,εξοφλώ τηλέφωνό
θέλω να εκφράσω παράπονο,,εκφράζω παράπονο
ανάλυση κλήσεων,,ανάλυση κλήσεων
πού μπορώ να κάνω αίτηση για φοιτητικό,,πού μπορώ αίτηση φοιτητικός
επιθυμώ να γνωρίζω την οφειλή μου,,επιθυμώ γνωρίζω οφειλή
χρειάζομαι ανάλυση του λογαριασμού μου,,χρειάζομαι ανάλυση λογαριασμός
από πού κλείνει το tethering,,από πού κλείνω tethering
θέλω να κάνω αποπληρωμή της οφειλής του κινητού μου,,αποπληρωμή οφειλή κινητός
θα μου δείξετε πώς να κάνω hotspot,,δείξω πώς hotspot
λογαριασμός σύνδεσης,,λογαριασμός σύνδεση
θέλω να δω την ανάλυση κλήσεων,,ανάλυση κλήσεων
θέλω να αγοράσω χρόνο ομιλίας προς κινητά,,αγοράζω χρόνος ομιλία προς κινητάς
θέλω να δω μια μερική ανάλυση των κλήσεων μου,,ένας μερικός ανάλυση κλήσεων
τo παραστατικό του καρτοσυμβολαίου μου,,παραστατικός καρτοσυμβολαίο
θέλω να γίνει εξόφληση λογαριασμού για το σταθερό μου,,γίνομαι εξόφληση λογαριασμός σταθερός
θέλω να γίνει εξόφληση παραστατικού του τηλεφώνου μου,,γίνομαι εξόφληση παραστατικός τηλεφώνου
θέλω να κάνω πληρωμή της οφειλής του κινητού μου,,πληρωμή οφειλή κινητός
θέλω χρόνο για να τα λέω με τους φίλους μου,,χρόνος λέως φίλος
με ποιον τρόπο να καταχωρήσω αίτηση,,τρόπος καταχωρώ αίτηση
πού μπορώ να δω το χρέος μου,,πού μπορώ χρέος
θέλω να γίνει αποπληρωμή της οφειλής του τηλεφώνου μου,,γίνομαι αποπληρωμή οφειλή τηλεφώνου
θα ήθελα να κάνω μερικές ερωτήσεις σχετικά με τον διακανονισμό,,μερικοί ερωτήσεις σχετικά διακανονισμός
τι παροχές έχει το φοιτητικό,,παροχή φοιτητικός
να πω το παράπονό μου,,λέγω παράπονό
τo παραστατικό του κινητού μου,,παραστατικός κινητός
καλώ για να τροποποιήσω ένα ραντεβού,,καλώ τροποποιώ ένας ραντεβού
θέλω να βάλω χρόνο ομιλίας στην κάρτα,,βάλω χρόνος ομιλία σε ο κάρτα
διακανονισμός ληξιπρόθεσμου,,διακανονισμός ληξιπρόθεσμου
θα ήθελα να μιλήσω με το τμήμα διακανονισμού λογαριασμών,,μιλώ τμήμα διακανονισμός λογαριασμός
πώς μπορώ να βλέπω αναλυτικά τις κλήσεις στον λογαριασμό μου,,πώς μπορώ βλέπω αναλυτικά κλήσεις σε ο λογαριασμός
επιθυμώ να βάλω λεπτά ομιλίας στην κάρτα,,επιθυμώ βάλω λεπτό ομιλία σε ο κάρτα
να κάνω δήλωση του σταθερού μου ως απόρρητο,,δήλωση σταθερού ως απόρρητος
υπόλοιπο,,υπόλοιπος
θέλω να γίνει αποπληρωμή της οφειλής του κινητού μου,,γίνομαι αποπληρωμή οφειλή κινητός
θα ήθελα να ρωτήσω πώς μπορώ να κάνω το φοιτητικό πακέτο,,ρωτώ πώς μπορώ φοιτητικός πακέτο
λεπτά για ομιλία,,λεπτό ομιλία
τον λογαριασμό του κινητού μου,,λογαριασμός κινητός
πώς θα κάνω διακανονισμό οφειλής,,πώς διακανονισμός οφειλή
πού είναι το υπόλοιπο,,πού υπόλοιπος
χρειάζομαι βοήθεια σε ένα θέμα,,χρειάζομαι βοήθεια ένας θέμα
έχετε κάπου οδηγίες για tethering,,κάπου οδηγία tethering
ενημερώστε με για τον αναλυτικό λογαριασμό,,ενημερώστε αναλυτικός λογαριασμός
πόσα χρήματα χρωστάω,,πόσος χρήμα χρωστάω
ενημέρωση για τον αναλυτικό λογαριασμό,,ενημέρωση αναλυτικός λογαριασμός
επιθυμώ να κάνω αίτηση,,επιθυμώ αίτηση
θέλω να μάθω πόσα χρωστάω,,μάθω χρωστάω
είχα μιλήσει να πάρω ένα καινούργιο φοιτητικό πακέτο,,μιλήνω πάρω ένας καινούργιος φοιτητικός πακέτο
νέα υπηρεσία,,νέος υπηρεσία
ενεργοποίηση προγράμματος με mb,,ενεργοποίηση πρόγραμμα mb
να πληροφορηθώ για το υπόλοιπό μου,,πληροφορηθώ υπόλοιπος
αγορά προγράμματος με δεδομένα,,αγορά πρόγραμμα δεδομένας
θέλω να βλέπω αναλυτικό λογαριασμό,,βλέπω αναλυτικός λογαριασμός
βοηθήστε με,,βοηθήστε
δεν έχει ενημερωθεί το υπόλοιπο μου,,ενημερωθεί υπόλοιπος
θέλω να γίνει εξόφληση λογαριασμού για το τηλέφωνο μου,,γίνομαι εξόφληση λογαριασμός τηλέφωνος
να επιλέξω μία υπηρεσία,,επιλέξω ένας υπηρεσία
είχα μία κλήση στο σταθερό τηλέφωνό μου από εσάς,,ένας κλήση σε ο σταθερό τηλέφωνό από
πληροφορίες για την απόκρυψη κλήσεων,,πληροφορία απόκρυψη κλήσεων
θέλω να γίνει εξόφληση της οφειλής του κινητού μου,,γίνομαι εξόφληση οφειλή κινητός
επιθυμώ λεπτά ομιλίας για το καρτοκινητό μου,,επιθυμώ λεπτό ομιλία καρτοκινητός
θέλω να ενεργοποιήσω,,ενεργοποιήσω
να κάνω εξόφληση της οφειλής του κινητού μου,,εξόφληση οφειλή κινητός
θέλω να εξοφλήσω το κινητό μου,,εξοφλώ κινητό
θέλω νέο διακανονισμό για το κινητό,,νέος διακανονισμός κινητό
θέλω να ενημερωθώ για το χρέος μου,,ενημερωθώ χρέος
με ποιον τρόπο μπορώ να υποβάλω αίτηση,,τρόπος μπορώ υποβάλω αίτηση
ολοκλήρωση της ανανέωσης,,ολοκλήρωση ανανέωση
να αποπληρώσω το κινητό μου,,αποπληρώσως κινητό
θέλω να μάθω για την εξόφληση λογαριασμού,,μάθω εξόφληση λογαριασμός
θέλω μία βοήθεια,,ένας βοήθεια
ζητώ να μου απενεργοποιήσετε,,ζητώ απενεργοποιήσω
επιθυμώ να υποβάλω αίτηση,,επιθυμώ υποβάλω αίτηση
τι κωδικό έχει το hotspot,,κωδικός hotspot
ενδιαφέρομαι για ανανέωση,,ενδιαφέρομαι ανανέωση
πώς να κάνω το κινητό μου tethering,,πώς κινητό tethering
ποιο είναι το σύνολο των χρεών μου,,ποιος σύνολο χρεών
θέλω να γίνει εξόφληση παραστατικού του tv μου,,γίνομαι εξόφληση παραστατικός tv
θα ήθελα να ενημερωθώ για τον τρόπο που μπορεί να γίνει αίτηση,,ενημερωθώ τρόπος μπορώ γίνομαι αίτηση
θέλω να κάνω το σταθερό μου απόρρητο,,σταθερός απόρρητο
υπηρεσία,,υπηρεσία
θα ήθελα να κάνω διακανονισμό σε όλο αυτό που χρωστάω,,διακανονισμός αυτός χρωστάω
ανάλυση εισερχομένων,,ανάλυση εισερχομένων
θέλω ενημέρωση,,ενημέρωση
θέλω να κάνω διακανονισμό στην τηλεόραση γιατί αδυνατώ να πληρώσω τον λογαριασμό,,διακανονισμός σε ο τηλεόραση γιατί αδυνατώ πληρώσω λογαριασμός
ενεργοποίηση hotspot,,ενεργοποίηση hotspot
επιθυμώ να ενημερωθώ για τον τρόπο που μπορεί να γίνει αίτηση,,επιθυμώ ενημερωθώ τρόπος μπορώ γίνομαι αίτηση
θέλω να αποκτήσω επιπλέον λεπτά ομιλίας για να μιλάω με φίλους,,αποκτώ επιπλέον λεπτό ομιλία μιλάως φίλος
οδηγίες για hotspot παρακαλώ,,οδηγία hotspot παρακαλώ
να μάθω πληροφορίες,,μάθω πληροφορία
αγορά προγράμματος μηνυμάτων,,αγορά πρόγραμμα μηνυμάτο
θέλω να συνδεθώ με το τμήμα πωλήσεων,,συνδεθώ τμήμα πωλήσεων
πώς να ενεργοποιήσω το tethering μέσω του κινητού μου,,πώς ενεργοποιήσω tethering μέσω κινητού
να γίνει ενεργοποίηση,,γίνομαι ενεργοποίηση
θα ήθελα να διακανονίσω το ποσό που σας χρωστάω,,διακανονίζω ποσό χρωστάω
επιθυμώ να απενεργοποιήσω,,επιθυμώ απενεργοποιώ
πώς μπορώ να δω μια ανάλυση όλων των κλήσεων και μηνυμάτων,,πώς μπορώ ένας ανάλυση όλος κλήσεων μηνυμάτο
να δηλώσω το σταθερό μου ως απόρρητο,,δηλώνω σταθερός ως απόρρητος
θέλω βοήθεια,,βοήθεια
θα ήθελα να μιλήσω με το τμήμα που κάνει διακανονισμούς,,μιλώ τμήμα διακανονισμός
θα μπορούσα να έχω πρόσβαση στην ανάλυση λογαριασμού σταθερού,,μπορούσας πρόσβαση σε ο ανάλυση λογαριασμός σταθερού
πώς ανοίγει το hotspot,,πώς ανοίγει hotspot
θέλω υπηρεσίες,,υπηρεσία
ενημερώστε με για την ανάλυση κλήσεων,,ενημερώστε ανάλυση κλήσεων
είχαμε μιλήσει για ένα ραντεβού,,μιλήσει ένας ραντεβού
θα ήθελα να καταχωρήσω αίτηση,,καταχωρώ αίτηση
θέλω να προσθέσω λεπτά ομιλίας,,προσθέσω λεπτός ομιλία
κάτι δεν πάει καλά με το hotspot,,κάτι πάει καλά hotspot
θέλω να αποπληρώσω το σταθερό μου,,αποπληρώσως σταθερός
πώς μπορώ να καταχωρήσω αίτηση,,πώς μπορώ καταχωρώ αίτηση
θέλω να κάνω εξόφληση λογαριασμού,,εξόφληση λογαριασμός
θα ήθελα να καταχωρήσω αίτημα,,καταχωρώ αίτημα
θέλω να ενημερωθώ για διακανονισμό,,ενημερωθώ διακανονισμός
χρόνο για να τα λέω,,χρόνος λέως
ανάλυση εισερχόμενων μηνυμάτων,,ανάλυση εισερχόμενος μηνυμάτο
βγήκε επιδότηση για το τηλέφωνό μου,,βγήκε επιδότηση τηλέφωνό
να κάνω εξόφληση λογαριασμού για το τηλέφωνό μου,,εξόφληση λογαριασμός τηλέφωνό
πώς μπορώ να κάνω διακανονισμό σταθερής τηλεφωνίας,,πώς μπορώ διακανονισμός σταθερής τηλεφωνία
πόσα χρήματα χρωστάω τελικά,,πόσος χρήμα χρωστάω τελικά
αγορά προγράμματος με χρόνο ομιλίας,,αγορά πρόγραμμα χρόνος ομιλία
έχω επιδότηση,,επιδότηση
άμεση πραγματοποίηση ανανέωσης,,άμεσος πραγματοποίηση ανανέωση
επιθυμώ να βάλω χρόνο ομιλίας,,επιθυμώ βάλω χρόνος ομιλία
να μπορώ να κάνω βιντεοκλήση,,μπορώ βιντεοκλήση
πληροφορίες για ένα ραντεβού,,πληροφορία ένας ραντεβού
θέλω να μάθω πόσα χρήματα οφείλω,,μάθω πόσος χρήμα οφείλω
θέλω ενεργοποίηση,,ενεργοποίηση
απόκρυψη,,απόκρυψη
θέλω να κάνω εξόφληση παραστατικού του σταθερού μου,,εξόφληση παραστατικός σταθερού
θα ήθελα ένα νέο tablet,,ένας νέος tablet
επιθυμώ να κάνω αίτημα,,επιθυμώ αίτημα
θέλω να κάνω ενεργοποίηση προγράμματος ομιλίας,,ενεργοποίηση πρόγραμμα ομιλία
θέλω να μου βάλετε λεπτά ομιλίας στο καρτοκινητό μου,,βάλετε λεπτό ομιλία σε ο καρτοκινητό
θέλω να γίνει αποπληρωμή λογαριασμού του κινητού μου,,γίνομαι αποπληρωμή λογαριασμός κινητού
θέλω να απενεργοποιήσω,,απενεργοποιώ
από πού βλέπω τα υπόλοιπα,,από πού βλέπω υπόλοιπος
να μου κάνετε ενεργοποίηση,,ενεργοποίηση
επιθυμώ να βάλω λεπτά ομιλίας,,επιθυμώ βάλω λεπτό ομιλία
περιμένω τον συνάδελφό σας να έρθει για το ραντεβού που έχουμε,,περιμένω συνάδελφος έρθει ραντεβού
θέλω να ενημερωθώ για τον τρόπο που μπορεί να γίνει αίτηση,,ενημερωθώ τρόπος μπορώ γίνομαι αίτηση
πότε έχει προγραμματιστεί το νέο ραντεβού,,πότε προγραμματίζω νέος ραντεβού
να κάνω εξόφληση λογαριασμού για το σταθερό μου,,εξόφληση λογαριασμός σταθερός
