Utterance,Cluster,lemmatized_queries
πρέπει να έχω πάσο για να βάλω φοιτητικό,6,πρέπει έχω πάσος βάγω φοιτητικός
θα ήθελα να κάνω διακανονισμό σε όλο το ληξιπρόθεσμο,4,κάνω διακανονισμός ληξιπρόθεσμος
θέλω χρόνο για να μιλάω,4,θέλω χρόνος μιλάω
χρειάζομαι ανανέωση,1,χρειάζομαι ανανέωση
τo παραστατικό του σταθερού μου,6,παράστατικός σταθερός
τιμές για νέο tablet,3,τιμή νέος tablet
να ενημερωθώ σχετικά με το διαθέσιμο υπόλοιπό μου,2,ενημερώνω σχετικά διαθέσιμος υπόλοιπος
να κάνω αποπληρωμή λογαριασμού για το κινητό μου,2,κάνω αποπληρωμή λογαριασμός κινητό
έχω κάνει αίτηση για φοιτητικό πακέτο,4,έχω αίτηση φοιτητικός πακέτο
θέλω να απενεργοποιηθεί,4,θέλω απενεργοποιώ
tethering,5,tethering
ραντεβού για νέα σύνδεση,1,ραντέβος νέος σύνδεση
να κάνω παράπονο,6,κάνω παράπονο
θέλω να εξοφλήσω το τηλέφωνό μου,4,θέλω εξοφλώ τήλεφος ό
να εξοφλήσω το κινητό μου,1,εξοφλώ κινητό
λογαριασμός τηλεόρασης,4,λογαριασμός τηλεόραση
θέλω να βάλω πιο εύκολο κωδικό στο hotspot μου,0,θέλω βάγω πιο εύκολος κωδικός hotspot
αγορά tablet,3,αγορά tablet
πώς μπορώ να καταθέσω αίτηση,6,πώς μπορώ καθίθετω αίτηση
τον λογαριασμό της τηλεόρασής μου,4,λογαριασμός τηλεόραση
αναλυτικό λογαριασμό,4,αναλυτικός λογαριασμός
πού μπορώ να βρω πληροφορίες για τα χρέη μου,6,πού μπορώ βρέπω πληροφορία χρέος
πόσα χρήματα χρωστάω συνολικά,4,χρήμα χρωστώ συνολικά
τι χρωστάω,1,τι χρωστώ
έχει να κάνει με διακανονισμό,1,διακανονισμός
μπορώ να με πληροφορηθώ πώς μπορεί να γίνει αίτηση,2,μπορώ πληροφορώ πώς γίνομαι αίτηση
να κάνω απενεργοποίηση,4,κάνω απενεργοποίηση
θα ήθελα να πραγματοποιήσω ανανέωση,6,πραγματοποιώ ανανέωση
πρέπει να μιλήσω με τις πωλήσεις,6,πρέπει μιλώ πώληση
θέλω να δω την πλήρη ανάλυση των κλήσεων,2,θέλω πλήρης ανάλυση κλήση
έχω ένα ραντεβού και θέλω να αλλάξω την ώρα,4,έχω ραντέβος θέλω αλλάζω ώρα
το τηλέφωνό μου έχει καταχωρηθεί ως απόρρητο,2,τηλέφωνο καταχωρώ ως απόρρητος
θέλω να κάνω διακανονισμό,4,θέλω κάνω διακανονισμός
θέλω υπηρεσίες για το σταθερό μου,4,θέλω υπηρεσία σταθερός
θέλω να ενεργοποιήσω πρόγραμμα δεδομένων,2,θέλω ενεργοποιώ πρόγραμμα δεδομένο
βρήκα μια κλήση από αυτό το τηλέφωνο,4,βρίσκω κλήση από τηλέφωνο
να κάνω απόρρητο το τηλέφωνο,4,κάνω απόρρητος τηλέφωνο
έχω καλέσει για ένα προγραμματισμένο ραντεβού,4,έχω καλώ προγραμματισμός ραντέβος
ζητώ να μου ενεργοποιήσετε,1,ζητώ ενεργοποιώ
ενημερώστε με για ανάλυση κλήσεων,4,ενημερώνω ανάλυση κλήση
τι μου προσφέρει το φοιτητικό πακέτο,6,τι προσφέρω φοιτητικός πακέτο
πώς μπορώ να μάθω το συνολικό χρέος μου,6,πώς μπορώ μαμαίνω συνολικός χρέος
θέλω να κάνω αποπληρωμή λογαριασμού,2,θέλω κάνω αποπληρωμή λογαριασμός
θέλω να αποπληρώσω την οφειλή μου,2,θέλω αποπληρώνω οφειλή
από πού μπορώ να μάθω τι χρωστάω,6,από πού μπορώ μαμαίνω τι χρωστώ
θέλω επιδότηση,4,θέλω επιδότηση
επιθυμώ να δω την πλήρη ανάλυση των κλήσεων,2,επιθυμώ πλήρης ανάλυση κλήση
επιθυμώ να καταχωρήσω αίτηση,4,επιθυμώ καταχωρώ αίτηση
πού μπορώ να αγοράσω κάποιο πρόγραμμα μηνυμάτων,6,πού μπορώ αγοράζω πρόγραμμα μήνυμα
αναφορικά με τον λογαριασμό μου,4,αναφορικά λογαριασμός
θα ήθελα να βάλω χρόνο ομιλίας στο κινητό,4,βάγω χρόνος ομιλία κινητό
για μια ανανέωση,1,ανανέωση
διακανονισμός ποσού που χρωστάω,6,διακανονισμός ποσό που χρωστώ
ερώτηση υπόλοιπο,4,ερώτηση υπόλοιπος
έχω ανάγκη από βοήθεια,1,έχω ανάγκη από βοήθεια
να μάθω τι έχετε σχετικά με απόκρυψη,4,μαμαίνω τι σχετικά απόκρυψη
να ενημερωθώ για το υπόλοιπό μου,4,ενημερώνω υπόλοιπος
επιθυμώ να πληροφορηθώ για τη διαδικασία που μπορεί να γίνει ώστε να καταχωρήσω αίτηση,2,επιθυμώ πληροφορώ διαδικασία που γίνομαι ώστε καταχωρώ αίτηση
έχω επικοινωνήσει για ένα ραντεβού,4,έχω επικοινωνώ ραντέβος
να μάθω για τις βιντεοκλήσεις,4,μαμαίνω βιντέοκληση
θα με ενδιέφερε ο αναλυτικός λογαριασμός,4,ενδιέφω ο αναλυτικός λογαριασμός
αναλυτική κατάσταση λογαριασμού,4,αναλυτικός κατάσταση λογαριασμός
χρειάζομαι ενημέρωση,4,χρειάζομαι ενημέρωση
θέλω να μιλήσω με τις πωλήσεις,6,θέλω μιλώ πώληση
θέλω να αγοράσω χρόνο ομιλίας προς όλους,2,θέλω αγοράζω χρόνος ομιλία προς
θα ήθελα να κάνω αίτηση,1,κάνω αίτηση
να δηλώσω το κινητό μου ως απόρρητο,4,δηλώνω κινητό ως απόρρητος
αλλαγή ραντεβού σύνδεσης νέας γραμμής,4,αλλαγή ραντέβος σύνδεση νέος γραμμή
επιθυμώ να καταχωρήσω αίτημα,4,επιθυμώ καταχωρώ αίτημα
θέλω να μάθω για την αποπληρωμή λογαριασμού,2,θέλω μαμαίνω αποπληρωμή λογαριασμός
κάτι έκανα στο hotspot και τώρα δε δουλεύει,0,κάτι hotspot τώρα δε δουλεύω
να κάνω δήλωση του κινητού μου ως απόρρητο,4,κάνω δήλωση κινητός ως απόρρητο
θα ήθελα να δω την πλήρη ανάλυση του τηλεφώνου μου,6,πλήρης ανάλυση τηλέφωνο
ενδιαφέρομαι να αγοράσω χρόνο ομιλίας,4,ενδιαφέρω αγοράζω χρόνος ομιλία
το πάσο μου έχει λήξει μπορώ να βάλω φοιτητικό,6,πάσος λήνω μπορώ βάγω φοιτητικός
hotspot,0,hotspot
θα μπορούσατε παρακαλώ να με συνδέσετε με το τμήμα πωλήσεων,6,παρακαλώ συνδεσετώ τμήμα πώληση
ενδιαφέρομαι να μου ενεργοποιήσετε,4,ενδιαφέρω ενεργοποιώ
επιθυμώ να υποβάλω αίτημα,4,επιθυμώ υποβάλλω αίτημα
υπάρχει η δυνατότητα να έχω αναλυτικό λογαριασμό,2,υπάρχω δυνατότητα έχω αναλυτικός λογαριασμός
βοήθεια,1,βοήθεια
θέλω να γίνει αποπληρωμή λογαριασμού του σταθερού μου,2,θέλω γίνομαι αποπληρωμή λογαριασμός σταθερός
ανανέωση,1,ανανέωση
πόσα σας χρωστάω τέλος πάντων,6,χρωστώ τέλος πας
πώς μπορώ να κάνω αίτηση,6,πώς μπορώ κάνω αίτηση
θέλω να βλέπω αναλυτική λίστα των κλήσεων,2,θέλω βλέπω αναλυτικός λίστα κλήση
θέλω να δω την πλήρη ανάλυση του τηλεφώνου μου,2,θέλω πλήρης ανάλυση τηλέφωνο
θέλω να αγοράσω χρόνο ομιλίας προς σταθερά,2,θέλω αγοράζω χρόνος ομιλία προς σταθερός
θέλω να κάνω το κινητό μου hotspot,0,θέλω κάνω κινητό hotspot
να απενεργοποιήσετε,1,απενεργοποιώ
θέλω απενεργοποίηση,4,θέλω απενεργοποίηση
θέλω βοήθεια με τον λογαριασμό μου,4,θέλω βοήθεια λογαριασμός
έχω κάνει διακανονισμό και ακόμη μου δείχνει ότι χρωστάω,4,έχω διακανονισμός δείχνω χρωστώ
τον λογαριασμό μου,1,λογαριασμός
μπορεί να με καλέσουν από το τμήμα πωλήσεων για την ανανέωση,2,καλώ από τμήμα πώληση ανανέωση
ποια θα είναι τα πλεονεκτήματα που θα έχω αν βάλω φοιτητικό πακέτο,6,πλεονέκτημα που έχω αν βάγω φοιτητικός πακέτο
να κάνω αποπληρωμή της οφειλής του κινητού μου,4,κάνω αποπληρωμή οφειλής κινητός
φοιτητικό πακέτο,6,φοιτητικός πακέτο
παράπονο,6,παράπονο
θέλω να αγοράσω λεπτά ομιλίας προς όλους,6,θέλω αγοράζω λεπτό ομιλία προς
πού είναι αυτή η ανάλυση για τον λογαριασμό μου,6,πού ανάλυση λογαριασμός
θέλω να γίνει εξόφληση της οφειλής του σταθερού μου,2,θέλω γίνομαι εξόφληση οφειλής σταθερός
θα μου πείτε αν έχω επιδότηση,1,αν έχω επιδότηση
θέλω να δω πότε πρέπει να πληρώνω τις δόσεις του διακανονισμού μου,2,θέλω πότε πρέπει πληρώνω δόση διακανονισμός
έχουμε ένα ραντεβού για σήμερα,1,ραντέβος σήμερα
επιθυμώ να βάλω χρόνο ομιλίας στην κάρτα,4,επιθυμώ βάγω χρόνος ομιλία σε ο κάρτα
να κάνω ανανέωση θέλω,4,κάνω ανανέωση θέλω
θέλω να κάνω διακανονισμό του λογαριασμού που έχει λήξει,2,θέλω κάνω διακανονισμός λογαριασμός που λήνω
να μου κάνετε απενεργοποίηση,4,απενεργοποίηση
πώς μπορώ να κάνω διακανονισμό της γραμμής μου,6,πώς μπορώ κάνω διακανονισμός γραμμή
αγορά προγράμματος με μηνύματα,6,αγορά πρόγραμμα μήνυμα
θέλω να με πληροφορήσετε πώς μπορεί να γίνει αίτηση,2,θέλω πληροφορώ πώς γίνομαι αίτηση
μόλις έβγαλα πάσο τι πρέπει να κάνω για να έχω φοιτητικό πακέτο,2,μόλις βλέπω πάσο τι πρέπει κάνω έχω φοιτητικός πακέτο
μία πληροφορία θέλω,6,πληροφορία θέλω
θέλω να εξοφλήσω τον λογαριασμό μου,4,θέλω εξοφλώ λογαριασμός
πώς να ενεργοποιήσω το hotspot στο κινητό μου,0,πώς ενεργοποιώ hotspot κινητό
θα ήθελα να κάνω διακανονισμό στο τηλέφωνό μου,4,κάνω διακανονισμός τήλεφος ό
πώς μπορώ να εντοπίσω τις οφειλές μου,6,πώς μπορώ εντοπίζω οφειλή
ενδιαφέρομαι για απενεργοποίηση,4,ενδιαφέρω απενεργοποίηση
θέλω να εξοφλήσω το σταθερό μου,4,θέλω εξοφλώ σταθερός
βρήκα αναπάντητη στο κινητό μου από εσάς,4,βρίσκω αναπάντητος κινητό από
πόσο χρωστάω συνολικά,6,πόσο χρωστώ συνολικά
πόση επιδότηση έχω,1,επιδότηση έχω
πόσα χρωστάω τελικά,1,χρωστώ τελικά
θέλω να κάνω το κινητό μου tethering,5,θέλω κάνω κινητό tethering
θέλω να κάνω εξόφληση λογαριασμού για το τηλέφωνο μου,2,θέλω κάνω εξόφληση λογαριασμός τηλέφωνο
θέλω να γίνει εξόφληση παραστατικού του κινητού μου,2,θέλω γίνομαι εξόφληση παράστατικός κινητός
θέλω να κάνω εξόφληση της οφειλής της τηλεόρασης,2,θέλω κάνω εξόφληση οφειλής τηλεόραση
ποιο είναι το ποσό των οφειλών μου,6,ποσό οφειλή
για λογαριασμό που έχω σε εσάς,6,λογαριασμός που έχω
διακανονισμός οικονομικής εκκρεμότητας,4,διακανονισμός οικονομικός εκκρεμότητα
ποιο είναι το ποσό των χρεών μου,6,ποσό χρέος
ποιες είναι οι οφειλές μου,1,οφειλή
γιατί δε δουλεύει το hotspot,0,γιατί δε δουλεύω hotspot
πού υπάρχουν αναλυτικά οι κλήσεις μου,6,πού υπάρχω αναλυτικά κλήση
θέλω να δω την ανάλυση των κλήσεων,4,θέλω ανάλυση κλήση
να αποπληρώσω την οφειλή μου,4,αποπληρώνω οφειλή
να εξοφλήσω την οφειλή μου,1,εξοφλώ οφειλή
λογαριασμός τηλεφώνου,1,λογαριασμός τηλέφωνο
πώς ανοίγει το tethering,5,πώς ανοίγω tethering
πώς κάνω tethering,5,πώς κάνω tethering
να εκφράσω τα παράπονά μου,6,εκφράζω παράπονά
θέλω να κάνω αίτηση,4,θέλω κάνω αίτηση
εξετάζω τη δυνατότητα να αγοράσω ένα νέο tablet,3,εξετάζω δυνατότητα αγοράζω νέος tablet
να ρωτήσω κάτι,1,ρωτώ κάτι
με ενδιαφέρει η υπηρεσία αναλυτικού λογαριασμού,2,ενδιαφέρω υπηρεσία αναλυτικός λογαριασμός
λογαριασμός,1,λογαριασμός
να κάνω εξόφληση της οφειλής του σταθερού μου,4,κάνω εξόφληση οφειλής σταθερός
πώς μπορώ να βάλω φοιτητικό,6,πώς μπορώ βάγω φοιτητικός
πού είναι η ανάλυση στον λογαριασμό μου,6,πού ανάλυση σε ο λογαριασμός
θέλω να αγοράσω έξτρα λεπτά ομιλίας,4,θέλω αγοράζω έξτρα λεπτό ομιλία
να αγοράσω πρόγραμμα με mb,6,αγοράζω πρόγραμμα mb
μπορείτε να με συνδέσετε παρακαλώ με τις πωλήσεις,6,συνδεσετώ παρακαλώ πώληση
πόση οφειλή έχω,1,οφειλή έχω
ήθελα να μάθω το υπόλοιπο,4,μαμαίνω υπόλοιπος
θα ήθελα να αλλάξω ένα ραντεβού,1,αλλάζω ραντέβος
επιθυμώ να ενεργοποιήσω κάποιο πρόγραμμα mb,6,επιθυμώ ενεργοποιώ πρόγραμμα mb
αίτημα για ραντεβού,1,αίτημα ραντέβος
επιθυμώ ανανέωση,4,επιθυμώ ανανέωση
επιθυμώ να ενεργοποιήσω,4,επιθυμώ ενεργοποιώ
θέλω να αποκτήσω επιπλέον χρόνο για να μιλάω με τους δικούς μου,2,θέλω αποκτώ επιπλέον χρόνος μιλάω δικός
θα ήθελα να ρωτήσω για ένα διακανονισμό που είχαμε κάνει,6,ρωτώ διακανονισμός που
θέλω να καταχωρήσω αίτημα,4,θέλω καταχωρώ αίτημα
αλλαγή ραντεβού,1,αλλαγή ραντέβος
ενεργοποίηση προγράμματος με δεδομένα,2,ενεργοποίηση πρόγραμμα δεδομένο
να γίνει απόρρητο το σταθερό μου,4,γίνομαι απόρρητος σταθερός
σχετικά με τον λογαριασμό μου,1,σχετικά λογαριασμός
με ποιον τρόπο μπορώ να ενημερωθώ για τον τρόπο που μπορεί να γίνει αίτηση,2,τρόπος μπορώ ενημερώνω τρόπος που γίνομαι αίτηση
ανανέωση λεπτών ομιλίας γιατί μου τελείωσαν,4,ανανέωση λεπί ομιλία γιατί τελώ
θέλω να μου βάλετε λεπτά για να μιλάω,4,θέλω βάνω λεπτό μιλάω
θέλω να βάλω χρόνο ομιλίας,4,θέλω βάγω χρόνος ομιλία
θέλω να γίνει εξόφληση λογαριασμού για το κινητό μου,2,θέλω γίνομαι εξόφληση λογαριασμός κινητό
να ενεργοποιήσω,1,ενεργοποιώ
χρόνος ομιλίας,1,χρόνος ομιλία
πώς μπορώ να ανοίξω τον αναλυτικό μου λογαριασμό,2,πώς μπορώ ανοίγω αναλυτικός λογαριασμός
πρέπει να συνδεθώ με το τμήμα πωλήσεων,6,πρέπει συνδένω τμήμα πώληση
δε μου εμφανίζονται τα φοιτητικά πακέτα,4,δε εμφανίζω φοιτητικός πακέτα
επιθυμώ να αγοράσω λεπτά ομιλίας,4,επιθυμώ αγοράζω λεπτό ομιλία
ποιες είναι οι διαθέσιμες υπηρεσίες,1,διαθέσιμος υπηρεσία
επιθυμώ την υπηρεσία της βιντεοκλήσης,4,επιθυμώ υπηρεσία βιντεοκλήση
πώς μπορώ να δω την ανάλυση ολόκληρης της κίνησης που έκανα,6,πώς μπορώ ανάλυση ολόκληρος κίνηση που
θέλω να κάνω διακανονισμό του λογαριασμού που είναι ληξιπρόθεσμος,2,θέλω κάνω διακανονισμός λογαριασμός που ληξιπρόθεσμος
έχω κανονίσει ραντεβού για νέα σύνδεση,4,έχω κανονίζω ραντέβος νέος σύνδεση
δε μου εμφανίζεται αυτή η επιλογή διακανονισμού,4,δε εμφανίζω επιλογή διακανονισμός
πρέπει να μιλήσω με το τμήμα πωλήσεων,6,πρέπει μιλώ τμήμα πώληση
θέλω να κάνω αποπληρωμή της οφειλής,2,θέλω κάνω αποπληρωμή οφειλής
θέλω να παραπονεθώ,6,θέλω παραπονεθώ
θέλω να μάθω την οφειλή μου,4,θέλω μαμαίνω οφειλή
θα ήθελα να προσθέσω χρόνο ομιλίας στο κινητό,2,προσθέτω χρόνος ομιλία κινητό
χρειάζομαι πλήρη ανάλυση κλήσεων,4,χρειάζομαι πλήρης ανάλυση κλήση
θα ήθελα ενημέρωση για την απόκρυψη κλήσεων,4,ενημέρωση απόκρυψη κλήση
να πληροφορηθώ το υπόλοιπό μου,6,πληροφορώ υπόλοιπος
πώς κάνω hotspot τη συσκευή μου,0,πώς κάνω hotspot συσκευή
στην ανάλυση κλήσεων υπάρχουν όλοι οι αριθμοί που τηλεφώνησα,2,σε ο ανάλυση κλήση υπάρχω αριθμός που τηλεφωνώ
θέλω να αγοράσω έξτρα χρόνο ομιλίας,4,θέλω αγοράζω έξτρα χρόνος ομιλία
ανάλυση εξερχομένων,4,ανάλυση εξερχόμενος
θέλω να δω αναλυτικά τις κινήσεις του σταθερού μου,2,θέλω αναλυτικά κίνηση σταθερός
κάτι δεν πάει καλά με το tethering,5,κάτι δεν πηγαίνω καλά tethering
να κάνω πληρωμή της οφειλής,6,κάνω πληρωμή οφειλής
πού μπορώ να δω τις υπηρεσίες,6,πού μπορώ υπηρεσία
τo παραστατικό του συμβολαίου μου,6,παράστατικός συμβόλαιο
από πού κλείνει το hotspot,0,από πού κλείνω hotspot
σταθερό τηλέφωνο απόρρητο,4,σταθερός τηλέφωνο απόρρητο
θέλω να μάθω τη χρέωση,4,θέλω μαμαίνω χρέωση
θα ήθελα να δω την πλήρη ανάλυση των κλήσεων,6,πλήρης ανάλυση κλήση
λεπτά ομιλίας,1,λεπτό ομιλία
επιθυμώ να μάθω τι χρωστάω,4,επιθυμώ μαμαίνω τι χρωστώ
θέλω να δω μερική ανάλυση των κλήσεων,4,θέλω μερικός ανάλυση κλήση
επιθυμώ να αγοράσω κάποιο πρόγραμμα mb,6,επιθυμώ αγοράζω πρόγραμμα mb
θα ήθελα να με πληροφορήσετε πώς μπορεί να γίνει αίτηση,2,πληροφορώ πώς γίνομαι αίτηση
θέλω να κάνω εξόφληση της οφειλής,4,θέλω κάνω εξόφληση οφειλής
από πού ενημερώνομαι για τα υπόλοιπα,6,από πού ενημερώνομαι υπόλοιπος
θέλω υπηρεσίες για τον αριθμό μου,4,θέλω υπηρεσία αριθμός
πού βλέπω την επιδότησή μου,6,πού βλέπω επιδότηση
θέλω να μου βάλετε χρόνο ομιλίας,4,θέλω βάνω χρόνος ομιλία
θέλω να αγοράσω χρόνο ομιλίας για το κινητό μου,2,θέλω αγοράζω χρόνος ομιλία κινητό
θέλω υπηρεσίες για το κινητό μου,4,θέλω υπηρεσία κινητό
θα ήθελα να κάνω διακανονισμό στον λογαριασμό μου,4,κάνω διακανονισμός σε ο λογαριασμός
πώς να κάνω το κινητό μου hotspot,0,πώς κάνω κινητό hotspot
έχει μείνει ένα υπόλοιπο το οποίο θα ήθελα να διακανονίσω,4,μένω υπόλοιπος διακανονίζω
δεν ξέρω από πού ανοίγει το hotspot,0,δεν ξέρω από πού ανοίγω hotspot
πώς μπορώ να κάνω διακανονισμό οικονομικής εκκρεμότητας,2,πώς μπορώ κάνω διακανονισμός οικονομικός εκκρεμότητα
επιθυμώ να αγοράσω χρόνο ομιλίας,4,επιθυμώ αγοράζω χρόνος ομιλία
χρειάζομαι βοήθεια για το tethering,5,χρειάζομαι βοήθεια tethering
να αλλάξω ραντεβού για νέα σύνδεση,4,αλλάζω ραντέβος νέος σύνδεση
επικοινωνία με το τμήμα πωλήσεων,4,επικοινωνία τμήμα πώληση
ραντεβού για εγκατάσταση,1,ραντεβός εγκατάσταση
ενδιαφέρομαι να απενεργοποιήσω,4,ενδιαφέρω απενεργοποιώ
θέλω να κάνω αποπληρωμή της οφειλής του τηλεφώνου μου,2,θέλω κάνω αποπληρωμή οφειλής τηλέφωνο
θέλω να συμπληρώσω φόρμα παραπόνων,2,θέλω συμπληρώνω φόρμα παράπονο
να αγοράσω tablet,3,αγοράζω tablet
μπορώ να προχωρήσω σε διακανονισμό του κινητού μου,2,μπορώ προχωρώ διακανονισμός κινητός
τιμοκατάλογος για tablet,3,τιμοκατάλογος tablet
το tethering δε δουλεύει σωστά,5,tethering δε δουλεύω σωστά
θέλω να αγοράσω λεπτά ομιλίας,4,θέλω αγοράζω λεπτό ομιλία
ανάλυση κλήσεων με κρυμμένα νούμερα,4,ανάλυση κλήση κρυμμένος νούω
παρακαλώ βοηθήστε με,6,παρακαλώ βοηθώ
ενδιαφέρομαι να ενεργοποιήσω,4,ενδιαφέρω ενεργοποιώ
πόσα χρήματα οφείλω συνολικά,4,χρήμα οφείλω συνολικά
να ενημερωθώ για ένα ραντεβού,4,ενημερώνω ραντέβος
δε μου επιτρέπει να μπω να εξοφλήσω τον λογαριασμό μου,4,δε επιτρέπω εξοφλώ λογαριασμός
τι όνομα έχει το δικό μου tethering και δεν το βρίσκω,5,τι όνομα tethering δεν βρίζω
θέλω να ενεργοποιήσω πρόγραμμα μηνυμάτων,2,θέλω ενεργοποιώ πρόγραμμα μήνυμα
τo παραστατικό της τηλεόρασής μου,6,παράστατικός τηλεόραση
θα ήθελα να δω μερική ανάλυση των κλήσεων,4,μερικός ανάλυση κλήση
να γίνει απενεργοποίηση,4,γίνομαι απενεργοποίηση
μπορείτε σας παρακαλώ να δείτε για πότε είναι το ραντεβού μου για αλλαγή διεύθυνσης,2,παρακαλώ βλέπω πότε ραντέβος αλλαγή διεύθυνση
ενημέρωση για επιδότηση,4,ενημέρωση επιδότηση
θα ήθελα διευκρινήσεις σχετικά με τον διακανονισμό,4,διευκρίνηση σχετικά διακανονισμός
πώς μπορώ να υποβάλω αίτημα,6,πώς μπορώ υποβάλλω αίτημα
υπάρχει τρόπος να βλέπω αναλυτικά τις κλήσεις που γίνονται από τα κινητά μου,2,υπάρχω τρόπος βλέπω αναλυτικά κλήση που γίνομαι από κινητός
πουλάτε tablet,3,πουλώ tablet
απενεργοποίηση,4,απενεργοποίηση
θα ήθελα να συνδεθώ με το τμήμα λογαριασμών,4,συνδένω τμήμα λογαριασμός
θέλω να κάνω διακανονισμό στην τηλεόραση γιατί δεν μπορώ να πληρώσω τον λογαριασμό,2,θέλω κάνω διακανονισμός σε ο τηλεόραση γιατί δεν μπορώ πληρώνω λογαριασμός
πληροφορίες για τον αναλυτικό λογαριασμό,2,πληροφορία αναλυτικός λογαριασμός
μία ερώτηση να κάνω,1,ερώτηση κάνω
κινητό τηλέφωνο απόρρητο,4,κινητό τηλέφωνο απόρρητο
επιθυμώ να δω τη μερική ανάλυση των κλήσεων,4,επιθυμώ μερικός ανάλυση κλήση
επιθυμώ νέο tablet,3,επιθυμώ νέος tablet
επιθυμώ να ενημερωθώ για το ποσό που χρωστάω,6,επιθυμώ ενημερώνω ποσό που χρωστώ
θέλω να βάλω λεπτά ομιλίας,4,θέλω βάγω λεπτό ομιλία
θέλω να μου βάλετε λεπτά ομιλίας,4,θέλω βάνω λεπτό ομιλία
θέλω να δω αναλυτικά την κίνησή μου,4,θέλω αναλυτικά κίνηση
πώς μπορώ να ενεργοποιήσω πρόγραμμα με mb,6,πώς μπορώ ενεργοποιώ πρόγραμμα mb
αγορά προγράμματος χρόνου ομιλίας,4,αγορά πρόγραμμα χρόνος ομιλία
θέλω να καταθέσω αίτηση,4,θέλω καθίθετω αίτηση
πείτε μου σχετικά με τις βιντεοκλήσεις,4,σχετικά βιντέοκληση
υπηρεσία απόκρυψης κλήσεων,4,υπηρεσία απόκρυψη κλήση
θέλω να κάνω εξόφληση παραστατικού,2,θέλω κάνω εξόφληση παράστατικός
να κάνω εξόφληση λογαριασμού για το κινητό μου,4,κάνω εξόφληση λογαριασμός κινητό
θέλω να προγραμματίσω εκ νέου ένα ραντεβού,2,θέλω προγραμματίζω εκ νέος ραντέβος
λογαριασμός κινητής τηλεφωνίας,4,λογαριασμός κινητής τηλεφωνία
πείτε μου για τον αναλυτικό λογαριασμό,4,αναλυτικός λογαριασμός
θα ήθελα να μάθω την αναλυτική κίνηση του τηλεφώνου μου,2,μαμαίνω αναλυτικός κίνηση τηλέφωνο
θέλω να αποπληρώσω το κινητό μου,2,θέλω αποπληρώνω κινητό
να επικοινωνήσω με το τμήμα πωλήσεων,4,επικοινωνώ τμήμα πώληση
θέλω μια πλήρη ανάλυση για κλήσεις,2,θέλω πλήρης ανάλυση κλήση
υπάρχει κάποιος πωλητής να συνομιλήσω,4,υπάρχω κάποιος πωλητής συνομιλώ
θα ήθελα να λάβω πληροφορίες σχετικά με την ανάλυση κλήσεων στο κινητό μου,2,λαμβάνω πληροφορία σχετικά ανάλυση κλήση κινητό
θέλω να κάνω πληρωμή της οφειλής,2,θέλω κάνω πληρωμή οφειλής
θέλω να διατυπώσω ένα παράπονο,6,θέλω διατυπώνω παράπονο
θέλω να κάνω εξόφληση της οφειλής του τηλεφώνου μου,2,θέλω κάνω εξόφληση οφειλής τηλέφωνο
πώς να κάνω το κινητό μου να λειτουργεί ως hotspot,0,πώς κάνω κινητό λειτουργώ ως hotspot
καταχωρήστε μου ένα αίτημα,1,καταχωρώ αίτημα
θέλω βιντεοκλήση στο κινητό,2,θέλω βιντεοκλήση κινητό
έχω κλείσει τον λογαριασμό του σταθερού τηλεφώνου αλλά έχω απλήρωτο το τελευταίο δίμηνο,2,έχω κλείνω λογαριασμός σταθερός τηλέφωνο αλλά έχω απλήρωτος τελευταίος δίμηνο
τι χρωστάω για το κινητό μου,4,τι χρωστώ κινητό
πώς μπορώ να βλέπω αναλυτικό λογαριασμό,2,πώς μπορώ βλέπω αναλυτικός λογαριασμός
θα ήθελα να κάνω διακανονισμό σε όλο το ποσό,6,κάνω διακανονισμός ποσό
έχω ανάγκη από ενημέρωση,4,έχω ανάγκη από ενημέρωση
χρειάζομαι πληροφορίες,4,χρειάζομαι πληροφορία
υπηρεσίες,1,υπηρεσία
να δηλώσω απόρρητο το σταθερό μου,4,δηλώνω απόρρητος σταθερός
είχα μία κλήση στο κινητό μου από εσάς και σας κάλεσα,4,κλήση κινητό από κάλω
δε βρίσκω τι χρωστάω,1,δε βρίζω τι χρωστώ
τι πρέπει να γνωρίζω για την απόκρυψη κλήσεων,2,τι πρέπει γνωρίζω απόκρυψη κλήση
θέλω να μου ενεργοποιήσετε,4,θέλω ενεργοποιώ
να ενημερωθώ για τα υπόλοιπά μου,4,ενημερώνω υπόλοιπά
ποιο είναι το ποσό που οφείλω,6,ποσό που οφείλω
να ενεργοποιηθεί,1,ενεργοποιώ
το hotspot δε δουλεύει σωστά,0,hotspot δε δουλεύω σωστά
να εξοφλήσω τον λογαριασμό μου,1,εξοφλώ λογαριασμός
θα ήθελα να διακανονίσω την οφειλή μου,1,διακανονίζω οφειλή
επιθυμώ ενεργοποίηση,4,επιθυμώ ενεργοποίηση
ενεργοποίηση tethering,5,ενεργοποίηση tethering
να αποπληρώσω το σταθερό μου,4,αποπληρώνω σταθερός
θέλω να αγοράσω λεπτά ομιλίας προς κινητά,2,θέλω αγοράζω λεπτό ομιλία προς κινητός
μπορώ να προχωρήσω σε διακανονισμό του τηλεφώνου μου,2,μπορώ προχωρώ διακανονισμός τηλέφωνο
γιατί δε δουλεύει το tethering,5,γιατί δε δουλεύω tethering
να ενημερωθώ σχετικά με το υπόλοιπό μου,4,ενημερώνω σχετικά υπόλοιπος
με ποιον τρόπο μπορώ να πραγματοποιήσω αίτηση,2,τρόπος μπορώ πραγματοποιώ αίτηση
να κάνω εξόφληση της οφειλής,4,κάνω εξόφληση οφειλής
να μάθω για ενεργοποίηση,4,μαμαίνω ενεργοποίηση
πώς μπορώ να ενημερωθώ για τις οφειλές μου,6,πώς μπορώ ενημερώνω οφειλή
θέλω να προχωρήσω σε διακανονισμό,2,θέλω προχωρώ διακανονισμός
διακανονισμός παλιάς οφειλής,4,διακανονισμός παλιός οφειλής
χρειάζομαι βοήθεια,1,χρειάζομαι βοήθεια
θα μπορούσα να έχω πρόσβαση στην ανάλυση λογαριασμού κινητού,2,έχω πρόσβαση σε ο ανάλυση λογαριασμός κινητός
θέλω υπηρεσίες για τη γραμμή μου,4,θέλω υπηρεσία γραμμή
κάτι έκανα στο tethering και τώρα δε δουλεύει,5,κάτι tethering τώρα δε δουλεύω
επιθυμώ να προσθέσω λεπτά ομιλίας,2,επιθυμώ προσθέτω λεπτό ομιλία
με συνδέετε με το τμήμα πωλήσεων,6,συνδέω τμήμα πώληση
απόρρητο τηλέφωνο,4,απόρρητος τηλέφωνο
θέλω να μου δείξετε την αναλυτική κίνηση του τηλεφώνου μου,2,θέλω δείχνω αναλυτικός κίνηση τηλέφωνο
θα ήθελα να επικοινωνήσω με το τμήμα διακανονισμού λογαριασμών,2,επικοινωνώ τμήμα διακανονισμός λογαριασμός
θέλω να ενημερωθώ για αναλυτικό λογαριασμό στο σταθερό,2,θέλω ενημερώνω αναλυτικός λογαριασμός σταθερός
θέλω να υποβάλω αίτηση,4,θέλω υποβάλλω αίτηση
θέλω να μάθω το χρέος μου,4,θέλω μαμαίνω χρέος
ποιο είναι το συνολικό ποσό των οφειλών μου,4,συνολικός ποσό οφειλή
θέλω να κάνω διακανονισμό στον λογαριασμό μου,2,θέλω κάνω διακανονισμός σε ο λογαριασμός
τι είναι αυτή η ανάλυση στον λογαριασμό μου,4,τι ανάλυση σε ο λογαριασμός
συνδέστε με με το τμήμα πωλήσεων,6,συνδέω τμήμα πώληση
πώς μπορώ να μάθω πληροφορίες για τις υπηρεσίες,6,πώς μπορώ μαμαίνω πληροφορία υπηρεσία
χρειάζομαι τη βοήθειά σας,1,χρειάζομαι βοήθειά
υποβολή παραπόνου,6,υποβολή παράπονο
επιθυμώ να με πληροφορήσετε πώς μπορεί να γίνει αίτηση,2,επιθυμώ πληροφορώ πώς γίνομαι αίτηση
καλημέρα καλώ σχετικά με ένα ραντεβού,4,καλώ καλώ σχετικά ραντέβος
πόσα χρήματα οφείλω,1,χρήμα οφείλω
θέλω να προσθέσω χρόνο ομιλίας,2,θέλω προσθέτω χρόνος ομιλία
να αποπληρώσω τον λογαριασμό μου,4,αποπληρώνω λογαριασμός
θα ήθελα βοήθεια,1,βοήθεια
να έχω βιντεοκλήση,1,έχω βιντεοκλήση
επιθυμώ να ανακαλύψω τα χρέη μου,4,επιθυμώ ανακάλλω χρέος
ακύρωση ραντεβού,1,ακύρωση ραντέβος
θέλω διακανονισμό,4,θέλω διακανονισμός
να κάνω ενεργοποίηση,4,κάνω ενεργοποίηση
θέλω να μου δώσετε κάποιες πληροφορίες,6,θέλω δίνω πληροφορία
κλήσεις με απόκρυψη,1,κλήση απόκρυψη
νέο tablet,3,νέος tablet
θέλω να μου πείτε πότε πρέπει να πληρώνω τις δόσεις του διακανονισμού μου,2,θέλω πότε πρέπει πληρώνω δόση διακανονισμός
ενεργοποίηση της βιντεοκλήσης,4,ενεργοποίηση βιντεοκλήση
θέλω ανανέωση,1,θέλω ανανέωση
καταγραφή παραπόνου,6,καταγραφή παράπονο
να αποπληρώσω το τηλέφωνό μου,4,αποπληρώνω τήλεφος ό
πώς μπορώ να δω την ανάλυση όλων των κλήσεων και μηνυμάτων,6,πώς μπορώ ανάλυση κλήση μήνυμα
πού βλέπω το υπόλοιπο,6,πού βλέπω υπόλοιπος
θέλω να ακυρώσω το ραντεβού που έχουμε,6,θέλω ακυρώνω ραντέβος που
λογαριασμό κινητού,1,λογαριασμός κινητός
ενεργοποίηση προγράμματος με μηνύματα,2,ενεργοποίηση πρόγραμμα μήνυμα
ήθελα να ενημερωθώ για την απόκρυψη,4,ενημερώνω απόκρυψη
με ποιον τρόπο κάνω αίτηση,4,τρόπος κάνω αίτηση
λογαριασμός σταθερής internet,0,λογαριασμός σταθερής internet
με ποιον τρόπο μπορώ να καταχωρήσω αίτημα,4,τρόπος μπορώ καταχωρώ αίτημα
χρόνος για ομιλία,1,χρόνος ομιλία
ποιο είναι το χρέος μου,1,χρέος
την ανάλυση κλήσεων,1,ανάλυση κλήση
πού θα μπω για να κάνω αίτημα διακανονισμού κινητής,6,πού κάνω αίτημα διακανονισμός κινητής
ψάχνω να βρω τι χρωστάω,4,ψάχνω βρέπω τι χρωστώ
ενεργοποίηση προγράμματος με χρόνο ομιλίας,2,ενεργοποίηση πρόγραμμα χρόνος ομιλία
ενδιαφέρομαι για τη λεπτομερή ανάλυση λογαριασμού,2,ενδιαφέρω λεπτομερής ανάλυση λογαριασμός
πόσα χρήματα οφείλω τελικά,4,χρήμα οφείλω τελικά
θέλω να γίνει αποπληρωμή λογαριασμού του τηλεφώνου μου,2,θέλω γίνομαι αποπληρωμή λογαριασμός τηλέφωνο
θέλω να κάνω αποπληρωμή της οφειλής του σταθερού μου,2,θέλω κάνω αποπληρωμή οφειλής σταθερός
θέλω να μάθω ποιο είναι το σύνολο των οφειλών μου,2,θέλω μαμαίνω σύνολο οφειλή
δε μου δείχνει αυτή την επιλογή διακανονισμού,4,δε δείχνω επιλογή διακανονισμός
θα ήθελα να κάνω ένα παράπονο,6,κάνω παράπονο
αλλαγή ραντεβού ενεργοποίησης,4,αλλαγή ραντέβος ενεργοποίηση
χρειάζομαι βοήθεια για το hotspot,0,χρειάζομαι βοήθεια hotspot
λογαριασμό σταθερού,1,λογαριασμός σταθερός
δεν έχω την επιλογή διακανονισμού,4,δεν έχω επιλογή διακανονισμός
θέλω υπηρεσίες για τη σύνδεσή μου,4,θέλω υπηρεσία σύνδεση
ανάλυση κλήσεων στον λογαριασμό μου,4,ανάλυση κλήση σε ο λογαριασμός
θέλω χρόνο ομιλίας,4,θέλω χρόνος ομιλία
θέλω να κάνω εξόφληση λογαριασμού για το κινητό μου,2,θέλω κάνω εξόφληση λογαριασμός κινητό
πώς μπορώ να κάνω αίτημα,6,πώς μπορώ κάνω αίτημα
ανάλυση λογαριασμού,1,ανάλυση λογαριασμός
ζητώ να απενεργοποιήσω,1,ζητώ απενεργοποιώ
να κάνω πληρωμή λογαριασμού για το κινητό μου,2,κάνω πληρωμή λογαριασμός κινητό
θα χρειαστεί να ενημερωθώ σχετικά με τον τρόπο υποβολής αίτησης,2,χρειάζομαι ενημερώνω σχετικά τρόπος υποβολή αίτηση
να ρωτήσω για ενεργοποίηση,4,ρωτώ ενεργοποίηση
μπορώ να προχωρήσω σε διακανονισμό της σύνδεσης μου,2,μπορώ προχωρώ διακανονισμός σύνδεση
τo παραστατικό της σύνδεσής μου,6,παράστατικός σύνδεση
να μάθω για τον αναλυτικό λογαριασμό,4,μαμαίνω αναλυτικός λογαριασμός
θέλω να γίνει αποπληρωμή της οφειλής του σταθερού μου,2,θέλω γίνομαι αποπληρωμή οφειλής σταθερός
έχω ανάγκη από πληροφορίες,4,έχω ανάγκη από πληροφορία
επιθυμώ να αγοράσω κάποιο πρόγραμμα μηνυμάτων,4,επιθυμώ αγοράζω πρόγραμμα μήνυμα
να αλλάξω την ώρα στο ραντεβού μας,1,αλλάζω ώρα ραντέβος
βοήθεια με λογαριασμό,1,βοήθεια λογαριασμός
να με πληροφορήσετε,6,πληροφορώ
πώς μπορώ να βλέπω ανάλυση όλης της κίνησης που έχω κάνει,6,πώς μπορώ βλέπω ανάλυση κίνηση που έχω
καταχωρήστε μου μια αίτηση,1,καταχωρώ αίτηση
να κάνω εξόφληση παραστατικού του σταθερού μου,2,κάνω εξόφληση παράστατικός σταθερός
ιδιωτικό απόρρητο του τηλεφώνου,4,ιδιωτικός απόρρητος τηλέφωνο
θέλω να αγοράσω πρόγραμμα ομιλίας,2,θέλω αγοράζω πρόγραμμα ομιλία
θέλω να κάνω εξόφληση λογαριασμού για το σταθερό μου,2,θέλω κάνω εξόφληση λογαριασμός σταθερός
να απενεργοποιηθεί,1,απενεργοποιώ
επιθυμώ βοήθεια,1,επιθυμώ βοήθεια
επιθυμώ πληροφορίες,6,επιθυμώ πληροφορία
χρειάζομαι να πληρώσω τον λογαριασμό μου και δεν παίρνουν το ποσό που πρέπει,2,χρειάζομαι πληρώνω λογαριασμός δεν παίρνω ποσό που πρέπει
διακανονισμός,1,διακανονισμός
πώς μπορώ να δω αναλυτικά σε ποιους αριθμούς έχω κάνει κλήση καθώς και τη διάρκεια τους,2,πώς μπορώ αναλυτικά αριθμός έχω κλήση καθώς διάρκεια
ανάλυση εξερχόμενων μηνυμάτων,4,ανάλυση εξερχόμενος μήνυμα
να απενεργοποιήσω,1,απενεργοποιώ
θέλω να κάνω διακανονισμό στην τηλεόραση γιατί δεν έχω τη δυνατότητα να πληρώσω το ληξιπρόθεσμο ποσό,2,θέλω κάνω διακανονισμός σε ο τηλεόραση γιατί δεν έχω δυνατότητα πληρώνω ληξιπρόθεσμος ποσό
χρειάζομαι υπηρεσίες,1,χρειάζομαι υπηρεσία
να μάθω για απενεργοποίηση,4,μαμαίνω απενεργοποίηση
θέλω να αποπληρώσω τον λογαριασμό μου,2,θέλω αποπληρώνω λογαριασμός
πώς μπορώ να υποβάλω αίτηση,6,πώς μπορώ υποβάλλω αίτηση
να κάνω αποπληρωμή λογαριασμού για το τηλέφωνό μου,2,κάνω αποπληρωμή λογαριασμός τήλεφος ό
ποιο είναι το σύνολο των οφειλών μου,1,σύνολο οφειλή
επιθυμώ να καταθέσω αίτηση,4,επιθυμώ καθίθετω αίτηση
θέλω να μου απενεργοποιήσετε,4,θέλω απενεργοποιώ
πώς μπορώ να μιλήσω με κάποιον από τις πωλήσεις,6,πώς μπορώ μιλώ από πώληση
ποιο είναι το ποσό που χρωστάω,6,ποσό που χρωστώ
θα ήθελα να ενημερωθώ τι υπόλοιπο έχω από τον διακανονισμό,2,ενημερώνω τι υπόλοιπος έχω από διακανονισμός
θέλω δωρεάν χρόνο ομιλίας,4,θέλω δωρύς χρόνος ομιλία
να ενεργοποιήσετε,1,ενεργοποιώ
θέλω πλήρη ανάλυση κλήσεων,2,θέλω πλήρης ανάλυση κλήση
να γίνει απόρρητο το κινητό μου,4,γίνομαι απόρρητος κινητό
θέλω να κάνω εξόφληση της οφειλής του κινητού μου,2,θέλω κάνω εξόφληση οφειλής κινητός
θέλω να αποπληρώσω το τηλέφωνό μου,2,θέλω αποπληρώνω τήλεφος ό
θέλω να δω αναλυτικά τις κινήσεις του κινητού μου,2,θέλω αναλυτικά κίνηση κινητός
πώς καλώ με βιντεοκλήση,6,πώς καλώ βιντεοκλήση
πώς μπορώ να δω ανάλυση όλων των κλήσεων και μηνυμάτων,6,πώς μπορώ ανάλυση κλήση μήνυμα
να κάνω αποπληρωμή της οφειλής,4,κάνω αποπληρωμή οφειλής
πότε λήγει το φοιτητικό πακέτο,6,πότε λαμβάνω φοιτητικός πακέτο
να ρωτήσω για απενεργοποίηση,4,ρωτώ απενεργοποίηση
να δηλώσω απόρρητο το κινητό μου,4,δηλώνω απόρρητος κινητό
πόση την έχω πια την οφειλή μου,1,έχω πια οφειλή
θα ήθελα να κάνω αίτημα,1,κάνω αίτημα
έχω κάνει αίτηση για ραντεβού,1,έχω αίτηση ραντέβος
θέλω να γίνει εξόφληση της οφειλής του τηλεφώνου μου,2,θέλω γίνομαι εξόφληση οφειλής τηλέφωνο
υπηρεσία για απόκρυψη κλήσεων,4,υπηρεσία απόκρυψη κλήση
να κάνω πληρωμή της οφειλής του κινητού μου,2,κάνω πληρωμή οφειλής κινητός
με ποιον τρόπο μπορώ να καταθέσω αίτηση,4,τρόπος μπορώ καθίθετω αίτηση
ενδιαφέρομαι για ενεργοποίηση,4,ενδιαφέρω ενεργοποίηση
να κάνω εξόφληση της οφειλής του τηλεφώνου μου,4,κάνω εξόφληση οφειλής τηλέφωνο
πόσα χρέη έχω συνολικά,1,χρέος έχω συνολικά
καλημέρα αφορά τον λογαριασμό μου,4,καλώ αφορώ λογαριασμός
έχετε κάπου οδηγίες για hotspot,0,κάπου οδηγία hotspot
θέλω να κάνω αγορά προγράμματος μηνυμάτων,2,θέλω κάνω αγορά πρόγραμμα μήνυμα
επιθυμώ να δω την ανάλυση των κλήσεων,4,επιθυμώ ανάλυση κλήση
πώς εμφανίζω τον αναλυτικό λογαριασμό,6,πώς εμφανίζω αναλυτικός λογαριασμός
θέλω να αγοράσω χρόνο ομιλίας,4,θέλω αγοράζω χρόνος ομιλία
τι κωδικό έχει το tethering,5,τι κωδικός tethering
πόσο είναι η επιδότησή μου,6,πόσο επιδότηση
λογαριασμός της σύνδεσής μου,1,λογαριασμός σύνδεση
από πού μπορώ να ενημερωθώ για τα χρέη μου,6,από πού μπορώ ενημερώνω χρέος
χρόνο για να μιλάω,1,χρόνος μιλάω
πώς μπορώ να ενημερωθώ για τον τρόπο που μπορεί να γίνει αίτηση,2,πώς μπορώ ενημερώνω τρόπος που γίνομαι αίτηση
θέλω να ενημερωθώ για αναλυτικό λογαριασμό στο κινητό,2,θέλω ενημερώνω αναλυτικός λογαριασμός κινητό
θέλω να ενημερωθώ για υπηρεσίες,4,θέλω ενημερώνω υπηρεσία
ενδιαφέρομαι να μου απενεργοποιήσετε,4,ενδιαφέρω απενεργοποιώ
αναφορά παραπόνου,6,αναφορά παράπονο
να γίνει απόρρητο το τηλέφωνο,4,γίνομαι απόρρητος τηλέφωνο
να ενημερωθώ για τις βιντεοκλήσεις,4,ενημερώνω βιντέοκληση
ανάλυση εισερχόμενων κλήσεων,4,ανάλυση εισερχόμενος κλήση
πόσο χρωστάω,6,πόσο χρωστώ
θα ήθελα να υποβάλω αίτηση,1,υποβάλλω αίτηση
να εξοφλήσω το σταθερό μου,1,εξοφλώ σταθερός
θα ήθελα να μάθω λεπτομέρειες σχετικά με τον διακανονισμό,2,μαμαίνω λεπτομέρεια σχετικά διακανονισμός
ενδιαφέρομαι να αποκτήσω ένα νέο tablet,3,ενδιαφέρω αποκτώ νέος tablet
τον λογαριασμό της σύνδεσής μου,1,λογαριασμός σύνδεση
επιθυμώ να μιλήσω με τις πωλήσεις,6,επιθυμώ μιλώ πώληση
να ενημερωθώ για την παρούσα κατάσταση του υπολοίπου μου,2,ενημερώνω παρών κατάσταση υπολοίπος
θέλω να κάνω το κινητό μου απόρρητο,2,θέλω κάνω κινητό απόρρητο
επιθυμώ ενημέρωση,4,επιθυμώ ενημέρωση
πώς μπορώ να κάνω διακανονισμό κινητής,6,πώς μπορώ κάνω διακανονισμός κινητής
πώς μπορώ να καταχωρήσω αίτημα,6,πώς μπορώ καταχωρώ αίτημα
θέλω να αναφέρω παράπονο,6,θέλω αναφέρω παράπονο
δε βρίσκω να ανοίξω το hotspot στη συσκευή μου,0,δε βρίζω ανοίγω hotspot συσκευή
πού θα βρω πόσα χρωστάω,6,πού βρέπω χρωστώ
πότε θα γίνει το νέο ραντεβού,4,πότε γίνομαι νέος ραντέβος
από πού αλλάζει ο κωδικός του tethering,5,από πού αλλάζω ο κωδικός tethering
θέλω να με ενημερώσετε για αναλυτικό λογαριασμό στο κινητό,2,θέλω ενημερώνω αναλυτικός λογαριασμός κινητό
θα επιθυμούσα να μάθω πόσες δόσεις απομένουν ακόμη για τον διακανονισμό,2,επιθυμώ μαμαίνω δόση απομένω διακανονισμός
αγορά προγράμματος δεδομένων,6,αγορά πρόγραμμα δεδομένο
πώς κάνω hotspot,0,πώς κάνω hotspot
ενημερώστε με για την ανάλυση των κλήσεων,4,ενημερώνω ανάλυση κλήση
να ανανεώσω θέλω,1,ανανεώνω θέλω
βρήκα αναπάντητη στο σταθερό τηλέφωνο από εσάς,2,βρίσκω αναπάντητος σταθερός τηλέφωνο από
ενεργοποίηση,4,ενεργοποίηση
θέλω πληροφορίες,6,θέλω πληροφορία
πού μπορώ να βρω τα χρέη μου,6,πού μπορώ βρέπω χρέος
θέλω να βρω τον αναλυτικό λογαριασμό του σταθερού,2,θέλω βρέπω αναλυτικός λογαριασμός σταθερός
θέλω να μιλήσω για ένα ραντεβού,4,θέλω μιλώ ραντέβος
να πληροφορηθώ,6,πληροφορώ
λογαριασμός κινητής,1,λογαριασμός κινητής
δωρεάν χρόνος ομιλίας,1,δωρύς χρόνος ομιλία
ενημέρωση για την απόκρυψη κλήσεων,4,ενημέρωση απόκρυψη κλήση
από πού αλλάζει ο κωδικός του hotspot,0,από πού αλλάζω ο κωδικός hotspot
τον λογαριασμό του σταθερού μου,1,λογαριασμός σταθερός
θέλω να ενημερωθώ πότε πρέπει να πληρώνω τις δόσεις του διακανονισμού μου,2,θέλω ενημερώνω πότε πρέπει πληρώνω δόση διακανονισμός
θέλω να ενεργοποιήσω πρόγραμμα ομιλίας,2,θέλω ενεργοποιώ πρόγραμμα ομιλία
είχα μία κλήση στο τηλέφωνό μου από εσάς και σας κάλεσα,4,κλήση τηλέφωνο από κάλω
θέλω να δω αναλυτικά την κίνηση των κλήσεών μου,2,θέλω αναλυτικά κίνηση κλήση
επιθυμώ να προσθέσω χρόνο ομιλίας,2,επιθυμώ προσθέτω χρόνος ομιλία
θέλω να μου βάλετε χρόνο για να μιλάω,4,θέλω βάνω χρόνος μιλάω
υπάρχουν άλλες υπηρεσίες πέρα από αυτές που έχω,6,υπάρχω άλλος υπηρεσία πέρα από που έχω
θέλω να βάλω λεπτά ομιλίας στην κάρτα,4,θέλω βάγω λεπτό ομιλία σε ο κάρτα
να κάνω εξόφληση λογαριασμού,4,κάνω εξόφληση λογαριασμός
θέλω να μάθω πότε πρέπει να πληρώνω τις δόσεις του διακανονισμού μου,2,θέλω μαμαίνω πότε πρέπει πληρώνω δόση διακανονισμός
ενημέρωση για τις υπηρεσίες,4,ενημέρωση υπηρεσία
τι υπόλοιπο έχω,4,τι υπόλοιπος έχω
λειτουργία της βιντεοκλήσης,4,λειτουργία βιντεοκλήση
θέλω να ενεργοποιηθεί,4,θέλω ενεργοποιώ
θέλω να καταχωρήσω αίτηση,4,θέλω καταχωρώ αίτηση
θα ήθελα παρακαλώ να κάνω διακανονισμό του ληξιπρόθεσμου και του τρέχοντος λογαριασμού μου,2,παρακαλώ κάνω διακανονισμός ληξύπροθεσμος τρέχων λογαριασμός
ποιες υπηρεσίες έχω ήδη,1,υπηρεσία έχω ήδη
πώς κάνω tethering τη συσκευή μου,5,πώς κάνω tethering συσκευή
θέλω να ενημερωθώ για τα οφειλόμενά μου,2,θέλω ενημερώνω οφειλόμενά
το τμήμα παραπόνων θέλω,6,τμήμα παράπονο θέλω
σχετικά με λογαριασμό σταθερού,4,σχετικά λογαριασμός σταθερός
θέλω να με ενημερώσετε για αναλυτικό λογαριασμό στο σταθερό,2,θέλω ενημερώνω αναλυτικός λογαριασμός σταθερός
τον λογαριασμό του συμβολαίου μου,1,λογαριασμός συμβόλαιο
πού μπορώ να δω την οφειλή μου,6,πού μπορώ οφειλή
ποιο είναι το τελικό ποσό των χρεών μου,6,τελικός ποσό χρέος
να κάνω αποπληρωμή λογαριασμού,4,κάνω αποπληρωμή λογαριασμός
μπορώ να προχωρήσω σε διακανονισμό του σταθερού μου,2,μπορώ προχωρώ διακανονισμός σταθερός
καινούργια υπηρεσία,1,καινούργιος υπηρεσία
χρήση της υπηρεσίας της βιντεοκλήσης,4,χρήση υπηρεσία βιντεοκλήση
να μάθω το υπόλοιπό μου,4,μαμαίνω υπόλοιπος
για τον λογαριασμό μου,1,λογαριασμός
ζητώ να ενεργοποιήσω,1,ζητώ ενεργοποιώ
επιθυμώ απενεργοποίηση,4,επιθυμώ απενεργοποίηση
να μου δείξετε πού είναι ο αναλυτικός λογαριασμός,4,δείχνω πού ο αναλυτικός λογαριασμός
να εξοφλήσω το τηλέφωνό μου,1,εξοφλώ τήλεφος ό
θέλω να εκφράσω παράπονο,6,θέλω εκφράζω παράπονο
ανάλυση κλήσεων,1,ανάλυση κλήση
πού μπορώ να κάνω αίτηση για φοιτητικό,6,πού μπορώ κάνω αίτηση φοιτητικός
επιθυμώ να γνωρίζω την οφειλή μου,4,επιθυμώ γνωρίζω οφειλή
χρειάζομαι ανάλυση του λογαριασμού μου,4,χρειάζομαι ανάλυση λογαριασμός
από πού κλείνει το tethering,5,από πού κλείνω tethering
θέλω να κάνω αποπληρωμή της οφειλής του κινητού μου,2,θέλω κάνω αποπληρωμή οφειλής κινητός
θα μου δείξετε πώς να κάνω hotspot,0,δείχνω πώς κάνω hotspot
λογαριασμός σύνδεσης,1,λογαριασμός σύνδεση
θέλω να δω την ανάλυση κλήσεων,4,θέλω ανάλυση κλήση
θέλω να αγοράσω χρόνο ομιλίας προς κινητά,2,θέλω αγοράζω χρόνος ομιλία προς κινητός
θέλω να δω μια μερική ανάλυση των κλήσεων μου,4,θέλω μερικός ανάλυση κλήση
τo παραστατικό του καρτοσυμβολαίου μου,6,παράστατικός καρτοσυμβόλαι
θέλω να γίνει εξόφληση λογαριασμού για το σταθερό μου,2,θέλω γίνομαι εξόφληση λογαριασμός σταθερός
θέλω να γίνει εξόφληση παραστατικού του τηλεφώνου μου,2,θέλω γίνομαι εξόφληση παράστατικός τηλέφωνο
θέλω να κάνω πληρωμή της οφειλής του κινητού μου,2,θέλω κάνω πληρωμή οφειλής κινητός
θέλω χρόνο για να τα λέω με τους φίλους μου,4,θέλω χρόνος φίλος
με ποιον τρόπο να καταχωρήσω αίτηση,4,τρόπος καταχωρώ αίτηση
πού μπορώ να δω το χρέος μου,6,πού μπορώ χρέος
θέλω να γίνει αποπληρωμή της οφειλής του τηλεφώνου μου,2,θέλω γίνομαι αποπληρωμή οφειλής τηλέφωνο
θα ήθελα να κάνω μερικές ερωτήσεις σχετικά με τον διακανονισμό,2,κάνω μερικοί ερώτηση σχετικά διακανονισμός
τι παροχές έχει το φοιτητικό,4,τι παροχή φοιτητικός
να πω το παράπονό μου,6,παράπονο
τo παραστατικό του κινητού μου,6,παράστατικός κινητός
καλώ για να τροποποιήσω ένα ραντεβού,4,καλώ τροποποιώ ραντέβος
θέλω να βάλω χρόνο ομιλίας στην κάρτα,4,θέλω βάγω χρόνος ομιλία σε ο κάρτα
διακανονισμός ληξιπρόθεσμου,4,διακανονισμός ληξύπροθεσμος
θα ήθελα να μιλήσω με το τμήμα διακανονισμού λογαριασμών,4,μιλώ τμήμα διακανονισμός λογαριασμός
πώς μπορώ να βλέπω αναλυτικά τις κλήσεις στον λογαριασμό μου,2,πώς μπορώ βλέπω αναλυτικά κλήση σε ο λογαριασμός
επιθυμώ να βάλω λεπτά ομιλίας στην κάρτα,4,επιθυμώ βάγω λεπτό ομιλία σε ο κάρτα
να κάνω δήλωση του σταθερού μου ως απόρρητο,4,κάνω δήλωση σταθερός ως απόρρητο
υπόλοιπο,1,υπόλοιπος
θέλω να γίνει αποπληρωμή της οφειλής του κινητού μου,2,θέλω γίνομαι αποπληρωμή οφειλής κινητός
θα ήθελα να ρωτήσω πώς μπορώ να κάνω το φοιτητικό πακέτο,2,ρωτώ πώς μπορώ κάνω φοιτητικός πακέτο
λεπτά για ομιλία,1,λεπτό ομιλία
τον λογαριασμό του κινητού μου,1,λογαριασμός κινητός
πώς θα κάνω διακανονισμό οφειλής,6,πώς κάνω διακανονισμός οφειλής
πού είναι το υπόλοιπο,6,πού υπόλοιπος
χρειάζομαι βοήθεια σε ένα θέμα,1,χρειάζομαι βοήθεια θέμα
έχετε κάπου οδηγίες για tethering,5,κάπου οδηγία tethering
ενημερώστε με για τον αναλυτικό λογαριασμό,4,ενημερώνω αναλυτικός λογαριασμός
πόσα χρήματα χρωστάω,1,χρήμα χρωστώ
ενημέρωση για τον αναλυτικό λογαριασμό,4,ενημέρωση αναλυτικός λογαριασμός
επιθυμώ να κάνω αίτηση,4,επιθυμώ κάνω αίτηση
θέλω να μάθω πόσα χρωστάω,4,θέλω μαμαίνω χρωστώ
είχα μιλήσει να πάρω ένα καινούργιο φοιτητικό πακέτο,2,μιλώ πάρω καινούργιος φοιτητικός πακέτο
νέα υπηρεσία,1,νέος υπηρεσία
ενεργοποίηση προγράμματος με mb,6,ενεργοποίηση πρόγραμμα mb
να πληροφορηθώ για το υπόλοιπό μου,6,πληροφορώ υπόλοιπος
αγορά προγράμματος με δεδομένα,6,αγορά πρόγραμμα δεδομένο
θέλω να βλέπω αναλυτικό λογαριασμό,2,θέλω βλέπω αναλυτικός λογαριασμός
βοηθήστε με,1,βοηθώ
δεν έχει ενημερωθεί το υπόλοιπο μου,4,δεν ενημερώνω υπόλοιπος
θέλω να γίνει εξόφληση λογαριασμού για το τηλέφωνο μου,2,θέλω γίνομαι εξόφληση λογαριασμός τηλέφωνο
να επιλέξω μία υπηρεσία,4,επιλέξω υπηρεσία
είχα μία κλήση στο σταθερό τηλέφωνό μου από εσάς,4,κλήση σταθερός τηλέφωνο από
πληροφορίες για την απόκρυψη κλήσεων,2,πληροφορία απόκρυψη κλήση
θέλω να γίνει εξόφληση της οφειλής του κινητού μου,2,θέλω γίνομαι εξόφληση οφειλής κινητός
επιθυμώ λεπτά ομιλίας για το καρτοκινητό μου,4,επιθυμώ λεπτό ομιλία καρτοκινητό
θέλω να ενεργοποιήσω,4,θέλω ενεργοποιώ
να κάνω εξόφληση της οφειλής του κινητού μου,4,κάνω εξόφληση οφειλής κινητός
θέλω να εξοφλήσω το κινητό μου,4,θέλω εξοφλώ κινητό
θέλω νέο διακανονισμό για το κινητό,4,θέλω νέος διακανονισμός κινητό
θέλω να ενημερωθώ για το χρέος μου,4,θέλω ενημερώνω χρέος
με ποιον τρόπο μπορώ να υποβάλω αίτηση,4,τρόπος μπορώ υποβάλλω αίτηση
ολοκλήρωση της ανανέωσης,4,ολοκλήρωση ανανέωση
να αποπληρώσω το κινητό μου,4,αποπληρώνω κινητό
θέλω να μάθω για την εξόφληση λογαριασμού,2,θέλω μαμαίνω εξόφληση λογαριασμός
θέλω μία βοήθεια,1,θέλω βοήθεια
ζητώ να μου απενεργοποιήσετε,1,ζητώ απενεργοποιώ
επιθυμώ να υποβάλω αίτηση,4,επιθυμώ υποβάλλω αίτηση
τι κωδικό έχει το hotspot,0,τι κωδικός hotspot
ενδιαφέρομαι για ανανέωση,4,ενδιαφέρω ανανέωση
πώς να κάνω το κινητό μου tethering,5,πώς κάνω κινητό tethering
ποιο είναι το σύνολο των χρεών μου,1,σύνολο χρέος
θέλω να γίνει εξόφληση παραστατικού του tv μου,2,θέλω γίνομαι εξόφληση παράστατικός tv
θα ήθελα να ενημερωθώ για τον τρόπο που μπορεί να γίνει αίτηση,2,ενημερώνω τρόπος που γίνομαι αίτηση
θέλω να κάνω το σταθερό μου απόρρητο,2,θέλω κάνω σταθερός απόρρητο
υπηρεσία,1,υπηρεσία
θα ήθελα να κάνω διακανονισμό σε όλο αυτό που χρωστάω,6,κάνω διακανονισμός που χρωστώ
ανάλυση εισερχομένων,4,ανάλυση εισερχομένος
θέλω ενημέρωση,4,θέλω ενημέρωση
θέλω να κάνω διακανονισμό στην τηλεόραση γιατί αδυνατώ να πληρώσω τον λογαριασμό,2,θέλω κάνω διακανονισμός σε ο τηλεόραση γιατί αδυνατώ πληρώνω λογαριασμός
ενεργοποίηση hotspot,0,ενεργοποίηση hotspot
επιθυμώ να ενημερωθώ για τον τρόπο που μπορεί να γίνει αίτηση,2,επιθυμώ ενημερώνω τρόπος που γίνομαι αίτηση
θέλω να αποκτήσω επιπλέον λεπτά ομιλίας για να μιλάω με φίλους,2,θέλω αποκτώ επιπλέον λεπτό ομιλία μιλάω φίλος
οδηγίες για hotspot παρακαλώ,0,οδηγία hotspot παρακαλώ
να μάθω πληροφορίες,6,μαμαίνω πληροφορία
αγορά προγράμματος μηνυμάτων,6,αγορά πρόγραμμα μήνυμα
θέλω να συνδεθώ με το τμήμα πωλήσεων,2,θέλω συνδένω τμήμα πώληση
πώς να ενεργοποιήσω το tethering μέσω του κινητού μου,5,πώς ενεργοποιώ tethering μέσω κινητός
να γίνει ενεργοποίηση,4,γίνομαι ενεργοποίηση
θα ήθελα να διακανονίσω το ποσό που σας χρωστάω,6,διακανονίζω ποσό που χρωστώ
επιθυμώ να απενεργοποιήσω,4,επιθυμώ απενεργοποιώ
πώς μπορώ να δω μια ανάλυση όλων των κλήσεων και μηνυμάτων,6,πώς μπορώ ανάλυση κλήση μήνυμα
να δηλώσω το σταθερό μου ως απόρρητο,4,δηλώνω σταθερός ως απόρρητο
θέλω βοήθεια,1,θέλω βοήθεια
θα ήθελα να μιλήσω με το τμήμα που κάνει διακανονισμούς,4,μιλώ τμήμα που διακανονισμός
θα μπορούσα να έχω πρόσβαση στην ανάλυση λογαριασμού σταθερού,2,έχω πρόσβαση σε ο ανάλυση λογαριασμός σταθερός
πώς ανοίγει το hotspot,0,πώς ανοίγω hotspot
θέλω υπηρεσίες,1,θέλω υπηρεσία
ενημερώστε με για την ανάλυση κλήσεων,4,ενημερώνω ανάλυση κλήση
είχαμε μιλήσει για ένα ραντεβού,1,μιλώ ραντέβος
θα ήθελα να καταχωρήσω αίτηση,1,καταχωρώ αίτηση
θέλω να προσθέσω λεπτά ομιλίας,2,θέλω προσθέτω λεπτό ομιλία
κάτι δεν πάει καλά με το hotspot,0,κάτι δεν πηγαίνω καλά hotspot
θέλω να αποπληρώσω το σταθερό μου,2,θέλω αποπληρώνω σταθερός
πώς μπορώ να καταχωρήσω αίτηση,6,πώς μπορώ καταχωρώ αίτηση
θέλω να κάνω εξόφληση λογαριασμού,2,θέλω κάνω εξόφληση λογαριασμός
θα ήθελα να καταχωρήσω αίτημα,1,καταχωρώ αίτημα
θέλω να ενημερωθώ για διακανονισμό,2,θέλω ενημερώνω διακανονισμός
χρόνο για να τα λέω,1,χρόνος
ανάλυση εισερχόμενων μηνυμάτων,4,ανάλυση εισερχόμενος μήνυμα
βγήκε επιδότηση για το τηλέφωνό μου,4,βγίσκω επιδότηση τήλεφος ό
να κάνω εξόφληση λογαριασμού για το τηλέφωνό μου,4,κάνω εξόφληση λογαριασμός τήλεφος ό
πώς μπορώ να κάνω διακανονισμό σταθερής τηλεφωνίας,2,πώς μπορώ κάνω διακανονισμός σταθερής τηλεφωνία
πόσα χρήματα χρωστάω τελικά,4,χρήμα χρωστώ τελικά
αγορά προγράμματος με χρόνο ομιλίας,4,αγορά πρόγραμμα χρόνος ομιλία
έχω επιδότηση,1,έχω επιδότηση
άμεση πραγματοποίηση ανανέωσης,2,άμεσος πραγματοποίηση ανανέωση
επιθυμώ να βάλω χρόνο ομιλίας,4,επιθυμώ βάγω χρόνος ομιλία
να μπορώ να κάνω βιντεοκλήση,4,μπορώ κάνω βιντεοκλήση
πληροφορίες για ένα ραντεβού,6,πληροφορία ραντέβος
θέλω να μάθω πόσα χρήματα οφείλω,2,θέλω μαμαίνω χρήμα οφείλω
θέλω ενεργοποίηση,4,θέλω ενεργοποίηση
απόκρυψη,1,απόκρυψη
θέλω να κάνω εξόφληση παραστατικού του σταθερού μου,2,θέλω κάνω εξόφληση παράστατικός σταθερός
θα ήθελα ένα νέο tablet,3,νέος tablet
επιθυμώ να κάνω αίτημα,4,επιθυμώ κάνω αίτημα
θέλω να κάνω ενεργοποίηση προγράμματος ομιλίας,2,θέλω κάνω ενεργοποίηση πρόγραμμα ομιλία
θέλω να μου βάλετε λεπτά ομιλίας στο καρτοκινητό μου,2,θέλω βάνω λεπτό ομιλία καρτοκινητό
θέλω να γίνει αποπληρωμή λογαριασμού του κινητού μου,2,θέλω γίνομαι αποπληρωμή λογαριασμός κινητός
θέλω να απενεργοποιήσω,4,θέλω απενεργοποιώ
από πού βλέπω τα υπόλοιπα,6,από πού βλέπω υπόλοιπος
να μου κάνετε ενεργοποίηση,4,ενεργοποίηση
επιθυμώ να βάλω λεπτά ομιλίας,4,επιθυμώ βάγω λεπτό ομιλία
περιμένω τον συνάδελφό σας να έρθει για το ραντεβού που έχουμε,6,περιμένω συνάδελφος έρχομαι ραντέβος που
θέλω να ενημερωθώ για τον τρόπο που μπορεί να γίνει αίτηση,2,θέλω ενημερώνω τρόπος που γίνομαι αίτηση
πότε έχει προγραμματιστεί το νέο ραντεβού,6,πότε προγραμματίζω νέος ραντέβος
να κάνω εξόφληση λογαριασμού για το σταθερό μου,4,κάνω εξόφληση λογαριασμός σταθερός
